/*
 Navicat Premium Data Transfer

 Source Server         : localhost
 Source Server Type    : MySQL
 Source Server Version : 80029 (8.0.29)
 Source Host           : localhost:3306
 Source Schema         : ruoyi

 Target Server Type    : MySQL
 Target Server Version : 80029 (8.0.29)
 File Encoding         : 65001

 Date: 23/10/2023 18:16:42
*/

SET NAMES utf8mb4;
SET FOREIGN_KEY_CHECKS = 0;

-- ----------------------------
-- Table structure for gen_table
-- ----------------------------
DROP TABLE IF EXISTS `gen_table`;
CREATE TABLE `gen_table`  (
  `table_id` bigint NOT NULL AUTO_INCREMENT COMMENT '编号',
  `table_name` varchar(200) CHARACTER SET utf8mb4 COLLATE utf8mb4_0900_ai_ci NULL DEFAULT '' COMMENT '表名称',
  `table_comment` varchar(500) CHARACTER SET utf8mb4 COLLATE utf8mb4_0900_ai_ci NULL DEFAULT '' COMMENT '表描述',
  `sub_table_name` varchar(64) CHARACTER SET utf8mb4 COLLATE utf8mb4_0900_ai_ci NULL DEFAULT NULL COMMENT '关联子表的表名',
  `sub_table_fk_name` varchar(64) CHARACTER SET utf8mb4 COLLATE utf8mb4_0900_ai_ci NULL DEFAULT NULL COMMENT '子表关联的外键名',
  `class_name` varchar(100) CHARACTER SET utf8mb4 COLLATE utf8mb4_0900_ai_ci NULL DEFAULT '' COMMENT '实体类名称',
  `tpl_category` varchar(200) CHARACTER SET utf8mb4 COLLATE utf8mb4_0900_ai_ci NULL DEFAULT 'crud' COMMENT '使用的模板（crud单表操作 tree树表操作 sub主子表操作）',
  `package_name` varchar(100) CHARACTER SET utf8mb4 COLLATE utf8mb4_0900_ai_ci NULL DEFAULT NULL COMMENT '生成包路径',
  `module_name` varchar(30) CHARACTER SET utf8mb4 COLLATE utf8mb4_0900_ai_ci NULL DEFAULT NULL COMMENT '生成模块名',
  `business_name` varchar(30) CHARACTER SET utf8mb4 COLLATE utf8mb4_0900_ai_ci NULL DEFAULT NULL COMMENT '生成业务名',
  `function_name` varchar(50) CHARACTER SET utf8mb4 COLLATE utf8mb4_0900_ai_ci NULL DEFAULT NULL COMMENT '生成功能名',
  `function_author` varchar(50) CHARACTER SET utf8mb4 COLLATE utf8mb4_0900_ai_ci NULL DEFAULT NULL COMMENT '生成功能作者',
  `gen_type` char(1) CHARACTER SET utf8mb4 COLLATE utf8mb4_0900_ai_ci NULL DEFAULT '0' COMMENT '生成代码方式（0zip压缩包 1自定义路径）',
  `gen_path` varchar(200) CHARACTER SET utf8mb4 COLLATE utf8mb4_0900_ai_ci NULL DEFAULT '/' COMMENT '生成路径（不填默认项目路径）',
  `options` varchar(1000) CHARACTER SET utf8mb4 COLLATE utf8mb4_0900_ai_ci NULL DEFAULT NULL COMMENT '其它生成选项',
  `create_by` varchar(64) CHARACTER SET utf8mb4 COLLATE utf8mb4_0900_ai_ci NULL DEFAULT '' COMMENT '创建者',
  `create_time` datetime NULL DEFAULT NULL COMMENT '创建时间',
  `update_by` varchar(64) CHARACTER SET utf8mb4 COLLATE utf8mb4_0900_ai_ci NULL DEFAULT '' COMMENT '更新者',
  `update_time` datetime NULL DEFAULT NULL COMMENT '更新时间',
  `remark` varchar(500) CHARACTER SET utf8mb4 COLLATE utf8mb4_0900_ai_ci NULL DEFAULT NULL COMMENT '备注',
  PRIMARY KEY (`table_id`) USING BTREE
) ENGINE = InnoDB AUTO_INCREMENT = 7 CHARACTER SET = utf8mb4 COLLATE = utf8mb4_0900_ai_ci COMMENT = '代码生成业务表' ROW_FORMAT = Dynamic;

-- ----------------------------
-- Records of gen_table
-- ----------------------------
INSERT INTO `gen_table` VALUES (1, 'tl_chat', '群聊', '', NULL, 'TlChat', 'crud', 'com.ruoyi.system', 'system', 'chat', '会话群组', 'ruoyi', '0', '/', '{\"parentMenuId\":\"2006\",\"treeName\":\"\",\"treeParentCode\":\"\",\"parentMenuName\":\"赛事纸飞机\",\"treeCode\":\"\"}', 'admin', '2023-10-19 08:38:31', '', '2023-10-23 18:04:17', '');
INSERT INTO `gen_table` VALUES (2, 'tl_game', '赛事赛程', '', NULL, 'TlGame', 'crud', 'com.ruoyi.system', 'system', 'game', '赛事赛程', 'ruoyi', '0', '/', '{\"parentMenuId\":\"2006\",\"treeName\":\"\",\"treeParentCode\":\"\",\"parentMenuName\":\"赛事纸飞机\",\"treeCode\":\"\"}', 'admin', '2023-10-23 18:03:17', '', '2023-10-23 18:04:52', '');
INSERT INTO `gen_table` VALUES (3, 'tl_game_stream', '赛事线路', '', NULL, 'TlGameStream', 'crud', 'com.ruoyi.system', 'system', 'stream', '赛事线路', 'ruoyi', '0', '/', '{\"parentMenuId\":\"2006\",\"treeName\":\"\",\"treeParentCode\":\"\",\"parentMenuName\":\"赛事纸飞机\",\"treeCode\":\"\"}', 'admin', '2023-10-23 18:03:17', '', '2023-10-23 18:04:45', '');
INSERT INTO `gen_table` VALUES (4, 'tl_league', '联赛', '', NULL, 'TlLeague', 'crud', 'com.ruoyi.system', 'system', 'league', '联赛', 'ruoyi', '0', '/', '{\"parentMenuId\":\"2006\",\"treeName\":\"\",\"treeParentCode\":\"\",\"parentMenuName\":\"赛事纸飞机\",\"treeCode\":\"\"}', 'admin', '2023-10-23 18:03:17', '', '2023-10-23 18:08:07', '');
INSERT INTO `gen_table` VALUES (5, 'tl_team', '球队', '', NULL, 'TlTeam', 'crud', 'com.ruoyi.system', 'system', 'team', '球队', 'ruoyi', '0', '/', '{\"parentMenuId\":\"2006\",\"treeName\":\"\",\"treeParentCode\":\"\",\"parentMenuName\":\"赛事纸飞机\",\"treeCode\":\"\"}', 'admin', '2023-10-23 18:03:17', '', '2023-10-23 18:04:58', '');
INSERT INTO `gen_table` VALUES (6, 'tl_team_player', '球员', '', NULL, 'TlTeamPlayer', 'crud', 'com.ruoyi.system', 'system', 'player', '球员', 'ruoyi', '0', '/', '{\"parentMenuId\":\"2006\",\"treeName\":\"\",\"treeParentCode\":\"\",\"parentMenuName\":\"赛事纸飞机\",\"treeCode\":\"\"}', 'admin', '2023-10-23 18:03:17', '', '2023-10-23 18:04:29', '');

-- ----------------------------
-- Table structure for gen_table_column
-- ----------------------------
DROP TABLE IF EXISTS `gen_table_column`;
CREATE TABLE `gen_table_column`  (
  `column_id` bigint NOT NULL AUTO_INCREMENT COMMENT '编号',
  `table_id` bigint NULL DEFAULT NULL COMMENT '归属表编号',
  `column_name` varchar(200) CHARACTER SET utf8mb4 COLLATE utf8mb4_0900_ai_ci NULL DEFAULT NULL COMMENT '列名称',
  `column_comment` varchar(500) CHARACTER SET utf8mb4 COLLATE utf8mb4_0900_ai_ci NULL DEFAULT NULL COMMENT '列描述',
  `column_type` varchar(100) CHARACTER SET utf8mb4 COLLATE utf8mb4_0900_ai_ci NULL DEFAULT NULL COMMENT '列类型',
  `java_type` varchar(500) CHARACTER SET utf8mb4 COLLATE utf8mb4_0900_ai_ci NULL DEFAULT NULL COMMENT 'JAVA类型',
  `java_field` varchar(200) CHARACTER SET utf8mb4 COLLATE utf8mb4_0900_ai_ci NULL DEFAULT NULL COMMENT 'JAVA字段名',
  `is_pk` char(1) CHARACTER SET utf8mb4 COLLATE utf8mb4_0900_ai_ci NULL DEFAULT NULL COMMENT '是否主键（1是）',
  `is_increment` char(1) CHARACTER SET utf8mb4 COLLATE utf8mb4_0900_ai_ci NULL DEFAULT NULL COMMENT '是否自增（1是）',
  `is_required` char(1) CHARACTER SET utf8mb4 COLLATE utf8mb4_0900_ai_ci NULL DEFAULT NULL COMMENT '是否必填（1是）',
  `is_insert` char(1) CHARACTER SET utf8mb4 COLLATE utf8mb4_0900_ai_ci NULL DEFAULT NULL COMMENT '是否为插入字段（1是）',
  `is_edit` char(1) CHARACTER SET utf8mb4 COLLATE utf8mb4_0900_ai_ci NULL DEFAULT NULL COMMENT '是否编辑字段（1是）',
  `is_list` char(1) CHARACTER SET utf8mb4 COLLATE utf8mb4_0900_ai_ci NULL DEFAULT NULL COMMENT '是否列表字段（1是）',
  `is_query` char(1) CHARACTER SET utf8mb4 COLLATE utf8mb4_0900_ai_ci NULL DEFAULT NULL COMMENT '是否查询字段（1是）',
  `query_type` varchar(200) CHARACTER SET utf8mb4 COLLATE utf8mb4_0900_ai_ci NULL DEFAULT 'EQ' COMMENT '查询方式（等于、不等于、大于、小于、范围）',
  `html_type` varchar(200) CHARACTER SET utf8mb4 COLLATE utf8mb4_0900_ai_ci NULL DEFAULT NULL COMMENT '显示类型（文本框、文本域、下拉框、复选框、单选框、日期控件）',
  `dict_type` varchar(200) CHARACTER SET utf8mb4 COLLATE utf8mb4_0900_ai_ci NULL DEFAULT '' COMMENT '字典类型',
  `sort` int NULL DEFAULT NULL COMMENT '排序',
  `create_by` varchar(64) CHARACTER SET utf8mb4 COLLATE utf8mb4_0900_ai_ci NULL DEFAULT '' COMMENT '创建者',
  `create_time` datetime NULL DEFAULT NULL COMMENT '创建时间',
  `update_by` varchar(64) CHARACTER SET utf8mb4 COLLATE utf8mb4_0900_ai_ci NULL DEFAULT '' COMMENT '更新者',
  `update_time` datetime NULL DEFAULT NULL COMMENT '更新时间',
  PRIMARY KEY (`column_id`) USING BTREE
) ENGINE = InnoDB AUTO_INCREMENT = 42 CHARACTER SET = utf8mb4 COLLATE = utf8mb4_0900_ai_ci COMMENT = '代码生成业务表字段' ROW_FORMAT = Dynamic;

-- ----------------------------
-- Records of gen_table_column
-- ----------------------------
INSERT INTO `gen_table_column` VALUES (1, 1, 'id', '', 'int', 'Long', 'id', '1', '1', NULL, '1', NULL, NULL, NULL, 'EQ', 'input', '', 1, 'admin', '2023-10-19 08:38:31', NULL, '2023-10-23 18:04:17');
INSERT INTO `gen_table_column` VALUES (2, 1, 'chat_id', '电报对话id', 'varchar(255)', 'String', 'chatId', '0', '0', NULL, '1', '1', '1', '1', 'EQ', 'input', '', 3, 'admin', '2023-10-19 08:38:31', NULL, '2023-10-23 18:04:17');
INSERT INTO `gen_table_column` VALUES (3, 1, 'stream_url', '电报播流地址', 'varchar(255)', 'String', 'streamUrl', '0', '0', NULL, '1', '1', '1', '1', 'EQ', 'input', '', 4, 'admin', '2023-10-19 08:38:31', NULL, '2023-10-23 18:04:17');
INSERT INTO `gen_table_column` VALUES (4, 1, 'stream_src', '推流源地址', 'varchar(255)', 'String', 'streamSrc', '0', '0', NULL, '1', '1', '1', '1', 'EQ', 'input', '', 5, 'admin', '2023-10-19 08:38:31', NULL, '2023-10-23 18:04:17');
INSERT INTO `gen_table_column` VALUES (5, 1, 'chat_name', '对话名称', 'varchar(255)', 'String', 'chatName', '0', '0', NULL, '1', '1', '1', '1', 'LIKE', 'input', '', 2, '', '2023-10-23 18:02:42', NULL, '2023-10-23 18:04:17');
INSERT INTO `gen_table_column` VALUES (6, 1, 'league_id', '联赛id', 'int', 'Long', 'leagueId', '0', '0', NULL, '1', '1', '1', '1', 'EQ', 'input', '', 6, '', '2023-10-23 18:02:42', NULL, '2023-10-23 18:04:17');
INSERT INTO `gen_table_column` VALUES (7, 1, 'league_name', '联赛名称', 'varchar(255)', 'String', 'leagueName', '0', '0', NULL, '1', '1', '1', '1', 'LIKE', 'input', '', 7, '', '2023-10-23 18:02:42', NULL, '2023-10-23 18:04:17');
INSERT INTO `gen_table_column` VALUES (8, 2, 'id', '', 'int', 'Long', 'id', '1', '1', NULL, '1', NULL, NULL, NULL, 'EQ', 'input', '', 1, 'admin', '2023-10-23 18:03:17', NULL, '2023-10-23 18:04:52');
INSERT INTO `gen_table_column` VALUES (9, 2, 'league_id', '', 'int', 'Long', 'leagueId', '0', '0', NULL, '1', '1', '1', '1', 'EQ', 'input', '', 2, 'admin', '2023-10-23 18:03:17', NULL, '2023-10-23 18:04:52');
INSERT INTO `gen_table_column` VALUES (10, 2, 'league_zh_name', '中文名称', 'varchar(255)', 'String', 'leagueZhName', '0', '0', NULL, '1', '1', '1', '1', 'LIKE', 'input', '', 3, 'admin', '2023-10-23 18:03:17', NULL, '2023-10-23 18:04:52');
INSERT INTO `gen_table_column` VALUES (11, 2, 'league_logo', '图标', 'varchar(255)', 'String', 'leagueLogo', '0', '0', NULL, '1', '1', '1', '1', 'EQ', 'input', '', 4, 'admin', '2023-10-23 18:03:17', NULL, '2023-10-23 18:04:52');
INSERT INTO `gen_table_column` VALUES (12, 2, 'league_en_name', '英文名称', 'varchar(255)', 'String', 'leagueEnName', '0', '0', NULL, '1', '1', '1', '1', 'LIKE', 'input', '', 5, 'admin', '2023-10-23 18:03:17', NULL, '2023-10-23 18:04:52');
INSERT INTO `gen_table_column` VALUES (13, 2, 'type', '0:足球；1：篮球', 'tinyint', 'Long', 'type', '0', '0', NULL, '1', '1', '1', '1', 'EQ', 'select', '', 6, 'admin', '2023-10-23 18:03:17', NULL, '2023-10-23 18:04:52');
INSERT INTO `gen_table_column` VALUES (14, 2, 'team_home_name', '主队名称', 'varchar(255)', 'String', 'teamHomeName', '0', '0', NULL, '1', '1', '1', '1', 'LIKE', 'input', '', 7, 'admin', '2023-10-23 18:03:17', NULL, '2023-10-23 18:04:52');
INSERT INTO `gen_table_column` VALUES (15, 2, 'team_guest_name', '客队名称', 'varchar(255)', 'String', 'teamGuestName', '0', '0', NULL, '1', '1', '1', '1', 'LIKE', 'input', '', 8, 'admin', '2023-10-23 18:03:17', NULL, '2023-10-23 18:04:52');
INSERT INTO `gen_table_column` VALUES (16, 2, 'team_home_logo', '主队logo', 'varchar(255)', 'String', 'teamHomeLogo', '0', '0', NULL, '1', '1', '1', '1', 'EQ', 'input', '', 9, 'admin', '2023-10-23 18:03:17', NULL, '2023-10-23 18:04:52');
INSERT INTO `gen_table_column` VALUES (17, 2, 'team_guest_logo', '客队logo', 'varchar(255)', 'String', 'teamGuestLogo', '0', '0', NULL, '1', '1', '1', '1', 'EQ', 'input', '', 10, 'admin', '2023-10-23 18:03:17', NULL, '2023-10-23 18:04:52');
INSERT INTO `gen_table_column` VALUES (18, 2, 'begin_time', '开始时间', 'datetime', 'Date', 'beginTime', '0', '0', NULL, '1', '1', '1', '1', 'EQ', 'datetime', '', 11, 'admin', '2023-10-23 18:03:17', NULL, '2023-10-23 18:04:52');
INSERT INTO `gen_table_column` VALUES (19, 2, 'begin_date', '开始日期', 'datetime', 'Date', 'beginDate', '0', '0', NULL, '1', '1', '1', '1', 'EQ', 'datetime', '', 12, 'admin', '2023-10-23 18:03:17', NULL, '2023-10-23 18:04:52');
INSERT INTO `gen_table_column` VALUES (20, 2, 'team_home_score', '主队得分', 'varchar(255)', 'String', 'teamHomeScore', '0', '0', NULL, '1', '1', '1', '1', 'EQ', 'input', '', 13, 'admin', '2023-10-23 18:03:17', NULL, '2023-10-23 18:04:52');
INSERT INTO `gen_table_column` VALUES (21, 2, 'team_guest_score', '客队得分', 'varchar(255)', 'String', 'teamGuestScore', '0', '0', NULL, '1', '1', '1', '1', 'EQ', 'input', '', 14, 'admin', '2023-10-23 18:03:17', NULL, '2023-10-23 18:04:52');
INSERT INTO `gen_table_column` VALUES (22, 3, 'id', '', 'int', 'Long', 'id', '1', '1', NULL, '1', NULL, NULL, NULL, 'EQ', 'input', '', 1, 'admin', '2023-10-23 18:03:17', NULL, '2023-10-23 18:04:45');
INSERT INTO `gen_table_column` VALUES (23, 3, 'game_id', '', 'int', 'Long', 'gameId', '0', '0', NULL, '1', '1', '1', '1', 'EQ', 'input', '', 2, 'admin', '2023-10-23 18:03:17', NULL, '2023-10-23 18:04:45');
INSERT INTO `gen_table_column` VALUES (24, 3, 'url', '线路url', 'varchar(255)', 'String', 'url', '0', '0', NULL, '1', '1', '1', '1', 'EQ', 'input', '', 3, 'admin', '2023-10-23 18:03:17', NULL, '2023-10-23 18:04:45');
INSERT INTO `gen_table_column` VALUES (25, 3, 'name', '线路名称', 'varchar(255)', 'String', 'name', '0', '0', NULL, '1', '1', '1', '1', 'LIKE', 'input', '', 4, 'admin', '2023-10-23 18:03:17', NULL, '2023-10-23 18:04:45');
INSERT INTO `gen_table_column` VALUES (26, 4, 'id', '', 'int', 'Long', 'id', '1', '1', NULL, '1', NULL, NULL, NULL, 'EQ', 'input', '', 1, 'admin', '2023-10-23 18:03:17', NULL, '2023-10-23 18:08:07');
INSERT INTO `gen_table_column` VALUES (27, 4, 'league_zh_name', '中文名称', 'varchar(255)', 'String', 'leagueZhName', '0', '0', NULL, '1', '1', '1', '1', 'LIKE', 'input', '', 2, 'admin', '2023-10-23 18:03:17', NULL, '2023-10-23 18:08:07');
INSERT INTO `gen_table_column` VALUES (28, 4, 'league_logo', '图标', 'varchar(255)', 'String', 'leagueLogo', '0', '0', NULL, '1', '1', '1', '1', 'EQ', 'input', '', 3, 'admin', '2023-10-23 18:03:17', NULL, '2023-10-23 18:08:07');
INSERT INTO `gen_table_column` VALUES (29, 4, 'league_en_name', '英文名称', 'varchar(255)', 'String', 'leagueEnName', '0', '0', NULL, '1', '1', '1', '1', 'LIKE', 'input', '', 4, 'admin', '2023-10-23 18:03:17', NULL, '2023-10-23 18:08:07');
INSERT INTO `gen_table_column` VALUES (30, 4, 'type', '0:足球；1：篮球', 'tinyint', 'Long', 'type', '0', '0', NULL, '1', '1', '1', '1', 'EQ', 'select', '', 5, 'admin', '2023-10-23 18:03:17', NULL, '2023-10-23 18:08:07');
INSERT INTO `gen_table_column` VALUES (31, 5, 'id', '', 'int', 'Long', 'id', '1', '1', NULL, '1', NULL, NULL, NULL, 'EQ', 'input', '', 1, 'admin', '2023-10-23 18:03:17', NULL, '2023-10-23 18:04:58');
INSERT INTO `gen_table_column` VALUES (32, 5, 'team_zh_name', '中文名称', 'varchar(255)', 'String', 'teamZhName', '0', '0', NULL, '1', '1', '1', '1', 'LIKE', 'input', '', 2, 'admin', '2023-10-23 18:03:17', NULL, '2023-10-23 18:04:58');
INSERT INTO `gen_table_column` VALUES (33, 5, 'team_logo', '图标', 'varchar(255)', 'String', 'teamLogo', '0', '0', NULL, '1', '1', '1', '1', 'EQ', 'input', '', 3, 'admin', '2023-10-23 18:03:17', NULL, '2023-10-23 18:04:58');
INSERT INTO `gen_table_column` VALUES (34, 5, 'team_en_name', '英文名称', 'varchar(255)', 'String', 'teamEnName', '0', '0', NULL, '1', '1', '1', '1', 'LIKE', 'input', '', 4, 'admin', '2023-10-23 18:03:17', NULL, '2023-10-23 18:04:58');
INSERT INTO `gen_table_column` VALUES (35, 5, 'type', '0:足球；1：篮球', 'tinyint', 'Long', 'type', '0', '0', NULL, '1', '1', '1', '1', 'EQ', 'select', '', 5, 'admin', '2023-10-23 18:03:17', NULL, '2023-10-23 18:04:58');
INSERT INTO `gen_table_column` VALUES (36, 6, 'id', '', 'int', 'Long', 'id', '1', '1', NULL, '1', NULL, NULL, NULL, 'EQ', 'input', '', 1, 'admin', '2023-10-23 18:03:18', NULL, '2023-10-23 18:04:29');
INSERT INTO `gen_table_column` VALUES (37, 6, 'team_id', '球队id', 'int', 'Long', 'teamId', '0', '0', NULL, '1', '1', '1', '1', 'EQ', 'input', '', 2, 'admin', '2023-10-23 18:03:18', NULL, '2023-10-23 18:04:29');
INSERT INTO `gen_table_column` VALUES (38, 6, 'player_zh_name', '中文名称', 'varchar(255)', 'String', 'playerZhName', '0', '0', NULL, '1', '1', '1', '1', 'LIKE', 'input', '', 3, 'admin', '2023-10-23 18:03:18', NULL, '2023-10-23 18:04:29');
INSERT INTO `gen_table_column` VALUES (39, 6, 'player_logo', '图标', 'varchar(255)', 'String', 'playerLogo', '0', '0', NULL, '1', '1', '1', '1', 'EQ', 'input', '', 4, 'admin', '2023-10-23 18:03:18', NULL, '2023-10-23 18:04:29');
INSERT INTO `gen_table_column` VALUES (40, 6, 'player_en_name', '英文名称', 'varchar(255)', 'String', 'playerEnName', '0', '0', NULL, '1', '1', '1', '1', 'LIKE', 'input', '', 5, 'admin', '2023-10-23 18:03:18', NULL, '2023-10-23 18:04:29');
INSERT INTO `gen_table_column` VALUES (41, 6, 'type', '0:足球；1：篮球', 'tinyint', 'Long', 'type', '0', '0', NULL, '1', '1', '1', '1', 'EQ', 'select', '', 6, 'admin', '2023-10-23 18:03:18', NULL, '2023-10-23 18:04:29');

-- ----------------------------
-- Table structure for qrtz_blob_triggers
-- ----------------------------
DROP TABLE IF EXISTS `qrtz_blob_triggers`;
CREATE TABLE `qrtz_blob_triggers`  (
  `sched_name` varchar(120) CHARACTER SET utf8mb4 COLLATE utf8mb4_0900_ai_ci NOT NULL COMMENT '调度名称',
  `trigger_name` varchar(200) CHARACTER SET utf8mb4 COLLATE utf8mb4_0900_ai_ci NOT NULL COMMENT 'qrtz_triggers表trigger_name的外键',
  `trigger_group` varchar(200) CHARACTER SET utf8mb4 COLLATE utf8mb4_0900_ai_ci NOT NULL COMMENT 'qrtz_triggers表trigger_group的外键',
  `blob_data` blob NULL COMMENT '存放持久化Trigger对象',
  PRIMARY KEY (`sched_name`, `trigger_name`, `trigger_group`) USING BTREE,
  CONSTRAINT `qrtz_blob_triggers_ibfk_1` FOREIGN KEY (`sched_name`, `trigger_name`, `trigger_group`) REFERENCES `qrtz_triggers` (`sched_name`, `trigger_name`, `trigger_group`) ON DELETE RESTRICT ON UPDATE RESTRICT
) ENGINE = InnoDB CHARACTER SET = utf8mb4 COLLATE = utf8mb4_0900_ai_ci COMMENT = 'Blob类型的触发器表' ROW_FORMAT = Dynamic;

-- ----------------------------
-- Records of qrtz_blob_triggers
-- ----------------------------

-- ----------------------------
-- Table structure for qrtz_calendars
-- ----------------------------
DROP TABLE IF EXISTS `qrtz_calendars`;
CREATE TABLE `qrtz_calendars`  (
  `sched_name` varchar(120) CHARACTER SET utf8mb4 COLLATE utf8mb4_0900_ai_ci NOT NULL COMMENT '调度名称',
  `calendar_name` varchar(200) CHARACTER SET utf8mb4 COLLATE utf8mb4_0900_ai_ci NOT NULL COMMENT '日历名称',
  `calendar` blob NOT NULL COMMENT '存放持久化calendar对象',
  PRIMARY KEY (`sched_name`, `calendar_name`) USING BTREE
) ENGINE = InnoDB CHARACTER SET = utf8mb4 COLLATE = utf8mb4_0900_ai_ci COMMENT = '日历信息表' ROW_FORMAT = Dynamic;

-- ----------------------------
-- Records of qrtz_calendars
-- ----------------------------

-- ----------------------------
-- Table structure for qrtz_cron_triggers
-- ----------------------------
DROP TABLE IF EXISTS `qrtz_cron_triggers`;
CREATE TABLE `qrtz_cron_triggers`  (
  `sched_name` varchar(120) CHARACTER SET utf8mb4 COLLATE utf8mb4_0900_ai_ci NOT NULL COMMENT '调度名称',
  `trigger_name` varchar(200) CHARACTER SET utf8mb4 COLLATE utf8mb4_0900_ai_ci NOT NULL COMMENT 'qrtz_triggers表trigger_name的外键',
  `trigger_group` varchar(200) CHARACTER SET utf8mb4 COLLATE utf8mb4_0900_ai_ci NOT NULL COMMENT 'qrtz_triggers表trigger_group的外键',
  `cron_expression` varchar(200) CHARACTER SET utf8mb4 COLLATE utf8mb4_0900_ai_ci NOT NULL COMMENT 'cron表达式',
  `time_zone_id` varchar(80) CHARACTER SET utf8mb4 COLLATE utf8mb4_0900_ai_ci NULL DEFAULT NULL COMMENT '时区',
  PRIMARY KEY (`sched_name`, `trigger_name`, `trigger_group`) USING BTREE,
  CONSTRAINT `qrtz_cron_triggers_ibfk_1` FOREIGN KEY (`sched_name`, `trigger_name`, `trigger_group`) REFERENCES `qrtz_triggers` (`sched_name`, `trigger_name`, `trigger_group`) ON DELETE RESTRICT ON UPDATE RESTRICT
) ENGINE = InnoDB CHARACTER SET = utf8mb4 COLLATE = utf8mb4_0900_ai_ci COMMENT = 'Cron类型的触发器表' ROW_FORMAT = Dynamic;

-- ----------------------------
-- Records of qrtz_cron_triggers
-- ----------------------------

-- ----------------------------
-- Table structure for qrtz_fired_triggers
-- ----------------------------
DROP TABLE IF EXISTS `qrtz_fired_triggers`;
CREATE TABLE `qrtz_fired_triggers`  (
  `sched_name` varchar(120) CHARACTER SET utf8mb4 COLLATE utf8mb4_0900_ai_ci NOT NULL COMMENT '调度名称',
  `entry_id` varchar(95) CHARACTER SET utf8mb4 COLLATE utf8mb4_0900_ai_ci NOT NULL COMMENT '调度器实例id',
  `trigger_name` varchar(200) CHARACTER SET utf8mb4 COLLATE utf8mb4_0900_ai_ci NOT NULL COMMENT 'qrtz_triggers表trigger_name的外键',
  `trigger_group` varchar(200) CHARACTER SET utf8mb4 COLLATE utf8mb4_0900_ai_ci NOT NULL COMMENT 'qrtz_triggers表trigger_group的外键',
  `instance_name` varchar(200) CHARACTER SET utf8mb4 COLLATE utf8mb4_0900_ai_ci NOT NULL COMMENT '调度器实例名',
  `fired_time` bigint NOT NULL COMMENT '触发的时间',
  `sched_time` bigint NOT NULL COMMENT '定时器制定的时间',
  `priority` int NOT NULL COMMENT '优先级',
  `state` varchar(16) CHARACTER SET utf8mb4 COLLATE utf8mb4_0900_ai_ci NOT NULL COMMENT '状态',
  `job_name` varchar(200) CHARACTER SET utf8mb4 COLLATE utf8mb4_0900_ai_ci NULL DEFAULT NULL COMMENT '任务名称',
  `job_group` varchar(200) CHARACTER SET utf8mb4 COLLATE utf8mb4_0900_ai_ci NULL DEFAULT NULL COMMENT '任务组名',
  `is_nonconcurrent` varchar(1) CHARACTER SET utf8mb4 COLLATE utf8mb4_0900_ai_ci NULL DEFAULT NULL COMMENT '是否并发',
  `requests_recovery` varchar(1) CHARACTER SET utf8mb4 COLLATE utf8mb4_0900_ai_ci NULL DEFAULT NULL COMMENT '是否接受恢复执行',
  PRIMARY KEY (`sched_name`, `entry_id`) USING BTREE
) ENGINE = InnoDB CHARACTER SET = utf8mb4 COLLATE = utf8mb4_0900_ai_ci COMMENT = '已触发的触发器表' ROW_FORMAT = Dynamic;

-- ----------------------------
-- Records of qrtz_fired_triggers
-- ----------------------------

-- ----------------------------
-- Table structure for qrtz_job_details
-- ----------------------------
DROP TABLE IF EXISTS `qrtz_job_details`;
CREATE TABLE `qrtz_job_details`  (
  `sched_name` varchar(120) CHARACTER SET utf8mb4 COLLATE utf8mb4_0900_ai_ci NOT NULL COMMENT '调度名称',
  `job_name` varchar(200) CHARACTER SET utf8mb4 COLLATE utf8mb4_0900_ai_ci NOT NULL COMMENT '任务名称',
  `job_group` varchar(200) CHARACTER SET utf8mb4 COLLATE utf8mb4_0900_ai_ci NOT NULL COMMENT '任务组名',
  `description` varchar(250) CHARACTER SET utf8mb4 COLLATE utf8mb4_0900_ai_ci NULL DEFAULT NULL COMMENT '相关介绍',
  `job_class_name` varchar(250) CHARACTER SET utf8mb4 COLLATE utf8mb4_0900_ai_ci NOT NULL COMMENT '执行任务类名称',
  `is_durable` varchar(1) CHARACTER SET utf8mb4 COLLATE utf8mb4_0900_ai_ci NOT NULL COMMENT '是否持久化',
  `is_nonconcurrent` varchar(1) CHARACTER SET utf8mb4 COLLATE utf8mb4_0900_ai_ci NOT NULL COMMENT '是否并发',
  `is_update_data` varchar(1) CHARACTER SET utf8mb4 COLLATE utf8mb4_0900_ai_ci NOT NULL COMMENT '是否更新数据',
  `requests_recovery` varchar(1) CHARACTER SET utf8mb4 COLLATE utf8mb4_0900_ai_ci NOT NULL COMMENT '是否接受恢复执行',
  `job_data` blob NULL COMMENT '存放持久化job对象',
  PRIMARY KEY (`sched_name`, `job_name`, `job_group`) USING BTREE
) ENGINE = InnoDB CHARACTER SET = utf8mb4 COLLATE = utf8mb4_0900_ai_ci COMMENT = '任务详细信息表' ROW_FORMAT = Dynamic;

-- ----------------------------
-- Records of qrtz_job_details
-- ----------------------------

-- ----------------------------
-- Table structure for qrtz_locks
-- ----------------------------
DROP TABLE IF EXISTS `qrtz_locks`;
CREATE TABLE `qrtz_locks`  (
  `sched_name` varchar(120) CHARACTER SET utf8mb4 COLLATE utf8mb4_0900_ai_ci NOT NULL COMMENT '调度名称',
  `lock_name` varchar(40) CHARACTER SET utf8mb4 COLLATE utf8mb4_0900_ai_ci NOT NULL COMMENT '悲观锁名称',
  PRIMARY KEY (`sched_name`, `lock_name`) USING BTREE
) ENGINE = InnoDB CHARACTER SET = utf8mb4 COLLATE = utf8mb4_0900_ai_ci COMMENT = '存储的悲观锁信息表' ROW_FORMAT = Dynamic;

-- ----------------------------
-- Records of qrtz_locks
-- ----------------------------

-- ----------------------------
-- Table structure for qrtz_paused_trigger_grps
-- ----------------------------
DROP TABLE IF EXISTS `qrtz_paused_trigger_grps`;
CREATE TABLE `qrtz_paused_trigger_grps`  (
  `sched_name` varchar(120) CHARACTER SET utf8mb4 COLLATE utf8mb4_0900_ai_ci NOT NULL COMMENT '调度名称',
  `trigger_group` varchar(200) CHARACTER SET utf8mb4 COLLATE utf8mb4_0900_ai_ci NOT NULL COMMENT 'qrtz_triggers表trigger_group的外键',
  PRIMARY KEY (`sched_name`, `trigger_group`) USING BTREE
) ENGINE = InnoDB CHARACTER SET = utf8mb4 COLLATE = utf8mb4_0900_ai_ci COMMENT = '暂停的触发器表' ROW_FORMAT = Dynamic;

-- ----------------------------
-- Records of qrtz_paused_trigger_grps
-- ----------------------------

-- ----------------------------
-- Table structure for qrtz_scheduler_state
-- ----------------------------
DROP TABLE IF EXISTS `qrtz_scheduler_state`;
CREATE TABLE `qrtz_scheduler_state`  (
  `sched_name` varchar(120) CHARACTER SET utf8mb4 COLLATE utf8mb4_0900_ai_ci NOT NULL COMMENT '调度名称',
  `instance_name` varchar(200) CHARACTER SET utf8mb4 COLLATE utf8mb4_0900_ai_ci NOT NULL COMMENT '实例名称',
  `last_checkin_time` bigint NOT NULL COMMENT '上次检查时间',
  `checkin_interval` bigint NOT NULL COMMENT '检查间隔时间',
  PRIMARY KEY (`sched_name`, `instance_name`) USING BTREE
) ENGINE = InnoDB CHARACTER SET = utf8mb4 COLLATE = utf8mb4_0900_ai_ci COMMENT = '调度器状态表' ROW_FORMAT = Dynamic;

-- ----------------------------
-- Records of qrtz_scheduler_state
-- ----------------------------

-- ----------------------------
-- Table structure for qrtz_simple_triggers
-- ----------------------------
DROP TABLE IF EXISTS `qrtz_simple_triggers`;
CREATE TABLE `qrtz_simple_triggers`  (
  `sched_name` varchar(120) CHARACTER SET utf8mb4 COLLATE utf8mb4_0900_ai_ci NOT NULL COMMENT '调度名称',
  `trigger_name` varchar(200) CHARACTER SET utf8mb4 COLLATE utf8mb4_0900_ai_ci NOT NULL COMMENT 'qrtz_triggers表trigger_name的外键',
  `trigger_group` varchar(200) CHARACTER SET utf8mb4 COLLATE utf8mb4_0900_ai_ci NOT NULL COMMENT 'qrtz_triggers表trigger_group的外键',
  `repeat_count` bigint NOT NULL COMMENT '重复的次数统计',
  `repeat_interval` bigint NOT NULL COMMENT '重复的间隔时间',
  `times_triggered` bigint NOT NULL COMMENT '已经触发的次数',
  PRIMARY KEY (`sched_name`, `trigger_name`, `trigger_group`) USING BTREE,
  CONSTRAINT `qrtz_simple_triggers_ibfk_1` FOREIGN KEY (`sched_name`, `trigger_name`, `trigger_group`) REFERENCES `qrtz_triggers` (`sched_name`, `trigger_name`, `trigger_group`) ON DELETE RESTRICT ON UPDATE RESTRICT
) ENGINE = InnoDB CHARACTER SET = utf8mb4 COLLATE = utf8mb4_0900_ai_ci COMMENT = '简单触发器的信息表' ROW_FORMAT = Dynamic;

-- ----------------------------
-- Records of qrtz_simple_triggers
-- ----------------------------

-- ----------------------------
-- Table structure for qrtz_simprop_triggers
-- ----------------------------
DROP TABLE IF EXISTS `qrtz_simprop_triggers`;
CREATE TABLE `qrtz_simprop_triggers`  (
  `sched_name` varchar(120) CHARACTER SET utf8mb4 COLLATE utf8mb4_0900_ai_ci NOT NULL COMMENT '调度名称',
  `trigger_name` varchar(200) CHARACTER SET utf8mb4 COLLATE utf8mb4_0900_ai_ci NOT NULL COMMENT 'qrtz_triggers表trigger_name的外键',
  `trigger_group` varchar(200) CHARACTER SET utf8mb4 COLLATE utf8mb4_0900_ai_ci NOT NULL COMMENT 'qrtz_triggers表trigger_group的外键',
  `str_prop_1` varchar(512) CHARACTER SET utf8mb4 COLLATE utf8mb4_0900_ai_ci NULL DEFAULT NULL COMMENT 'String类型的trigger的第一个参数',
  `str_prop_2` varchar(512) CHARACTER SET utf8mb4 COLLATE utf8mb4_0900_ai_ci NULL DEFAULT NULL COMMENT 'String类型的trigger的第二个参数',
  `str_prop_3` varchar(512) CHARACTER SET utf8mb4 COLLATE utf8mb4_0900_ai_ci NULL DEFAULT NULL COMMENT 'String类型的trigger的第三个参数',
  `int_prop_1` int NULL DEFAULT NULL COMMENT 'int类型的trigger的第一个参数',
  `int_prop_2` int NULL DEFAULT NULL COMMENT 'int类型的trigger的第二个参数',
  `long_prop_1` bigint NULL DEFAULT NULL COMMENT 'long类型的trigger的第一个参数',
  `long_prop_2` bigint NULL DEFAULT NULL COMMENT 'long类型的trigger的第二个参数',
  `dec_prop_1` decimal(13, 4) NULL DEFAULT NULL COMMENT 'decimal类型的trigger的第一个参数',
  `dec_prop_2` decimal(13, 4) NULL DEFAULT NULL COMMENT 'decimal类型的trigger的第二个参数',
  `bool_prop_1` varchar(1) CHARACTER SET utf8mb4 COLLATE utf8mb4_0900_ai_ci NULL DEFAULT NULL COMMENT 'Boolean类型的trigger的第一个参数',
  `bool_prop_2` varchar(1) CHARACTER SET utf8mb4 COLLATE utf8mb4_0900_ai_ci NULL DEFAULT NULL COMMENT 'Boolean类型的trigger的第二个参数',
  PRIMARY KEY (`sched_name`, `trigger_name`, `trigger_group`) USING BTREE,
  CONSTRAINT `qrtz_simprop_triggers_ibfk_1` FOREIGN KEY (`sched_name`, `trigger_name`, `trigger_group`) REFERENCES `qrtz_triggers` (`sched_name`, `trigger_name`, `trigger_group`) ON DELETE RESTRICT ON UPDATE RESTRICT
) ENGINE = InnoDB CHARACTER SET = utf8mb4 COLLATE = utf8mb4_0900_ai_ci COMMENT = '同步机制的行锁表' ROW_FORMAT = Dynamic;

-- ----------------------------
-- Records of qrtz_simprop_triggers
-- ----------------------------

-- ----------------------------
-- Table structure for qrtz_triggers
-- ----------------------------
DROP TABLE IF EXISTS `qrtz_triggers`;
CREATE TABLE `qrtz_triggers`  (
  `sched_name` varchar(120) CHARACTER SET utf8mb4 COLLATE utf8mb4_0900_ai_ci NOT NULL COMMENT '调度名称',
  `trigger_name` varchar(200) CHARACTER SET utf8mb4 COLLATE utf8mb4_0900_ai_ci NOT NULL COMMENT '触发器的名字',
  `trigger_group` varchar(200) CHARACTER SET utf8mb4 COLLATE utf8mb4_0900_ai_ci NOT NULL COMMENT '触发器所属组的名字',
  `job_name` varchar(200) CHARACTER SET utf8mb4 COLLATE utf8mb4_0900_ai_ci NOT NULL COMMENT 'qrtz_job_details表job_name的外键',
  `job_group` varchar(200) CHARACTER SET utf8mb4 COLLATE utf8mb4_0900_ai_ci NOT NULL COMMENT 'qrtz_job_details表job_group的外键',
  `description` varchar(250) CHARACTER SET utf8mb4 COLLATE utf8mb4_0900_ai_ci NULL DEFAULT NULL COMMENT '相关介绍',
  `next_fire_time` bigint NULL DEFAULT NULL COMMENT '上一次触发时间（毫秒）',
  `prev_fire_time` bigint NULL DEFAULT NULL COMMENT '下一次触发时间（默认为-1表示不触发）',
  `priority` int NULL DEFAULT NULL COMMENT '优先级',
  `trigger_state` varchar(16) CHARACTER SET utf8mb4 COLLATE utf8mb4_0900_ai_ci NOT NULL COMMENT '触发器状态',
  `trigger_type` varchar(8) CHARACTER SET utf8mb4 COLLATE utf8mb4_0900_ai_ci NOT NULL COMMENT '触发器的类型',
  `start_time` bigint NOT NULL COMMENT '开始时间',
  `end_time` bigint NULL DEFAULT NULL COMMENT '结束时间',
  `calendar_name` varchar(200) CHARACTER SET utf8mb4 COLLATE utf8mb4_0900_ai_ci NULL DEFAULT NULL COMMENT '日程表名称',
  `misfire_instr` smallint NULL DEFAULT NULL COMMENT '补偿执行的策略',
  `job_data` blob NULL COMMENT '存放持久化job对象',
  PRIMARY KEY (`sched_name`, `trigger_name`, `trigger_group`) USING BTREE,
  INDEX `sched_name`(`sched_name` ASC, `job_name` ASC, `job_group` ASC) USING BTREE,
  CONSTRAINT `qrtz_triggers_ibfk_1` FOREIGN KEY (`sched_name`, `job_name`, `job_group`) REFERENCES `qrtz_job_details` (`sched_name`, `job_name`, `job_group`) ON DELETE RESTRICT ON UPDATE RESTRICT
) ENGINE = InnoDB CHARACTER SET = utf8mb4 COLLATE = utf8mb4_0900_ai_ci COMMENT = '触发器详细信息表' ROW_FORMAT = Dynamic;

-- ----------------------------
-- Records of qrtz_triggers
-- ----------------------------

-- ----------------------------
-- Table structure for sys_config
-- ----------------------------
DROP TABLE IF EXISTS `sys_config`;
CREATE TABLE `sys_config`  (
  `config_id` int NOT NULL AUTO_INCREMENT COMMENT '参数主键',
  `config_name` varchar(100) CHARACTER SET utf8mb4 COLLATE utf8mb4_0900_ai_ci NULL DEFAULT '' COMMENT '参数名称',
  `config_key` varchar(100) CHARACTER SET utf8mb4 COLLATE utf8mb4_0900_ai_ci NULL DEFAULT '' COMMENT '参数键名',
  `config_value` varchar(500) CHARACTER SET utf8mb4 COLLATE utf8mb4_0900_ai_ci NULL DEFAULT '' COMMENT '参数键值',
  `config_type` char(1) CHARACTER SET utf8mb4 COLLATE utf8mb4_0900_ai_ci NULL DEFAULT 'N' COMMENT '系统内置（Y是 N否）',
  `create_by` varchar(64) CHARACTER SET utf8mb4 COLLATE utf8mb4_0900_ai_ci NULL DEFAULT '' COMMENT '创建者',
  `create_time` datetime NULL DEFAULT NULL COMMENT '创建时间',
  `update_by` varchar(64) CHARACTER SET utf8mb4 COLLATE utf8mb4_0900_ai_ci NULL DEFAULT '' COMMENT '更新者',
  `update_time` datetime NULL DEFAULT NULL COMMENT '更新时间',
  `remark` varchar(500) CHARACTER SET utf8mb4 COLLATE utf8mb4_0900_ai_ci NULL DEFAULT NULL COMMENT '备注',
  PRIMARY KEY (`config_id`) USING BTREE
) ENGINE = InnoDB AUTO_INCREMENT = 100 CHARACTER SET = utf8mb4 COLLATE = utf8mb4_0900_ai_ci COMMENT = '参数配置表' ROW_FORMAT = Dynamic;

-- ----------------------------
-- Records of sys_config
-- ----------------------------
INSERT INTO `sys_config` VALUES (1, '主框架页-默认皮肤样式名称', 'sys.index.skinName', 'skin-blue', 'Y', 'admin', '2023-10-19 08:24:10', '', NULL, '蓝色 skin-blue、绿色 skin-green、紫色 skin-purple、红色 skin-red、黄色 skin-yellow');
INSERT INTO `sys_config` VALUES (2, '用户管理-账号初始密码', 'sys.user.initPassword', '123456', 'Y', 'admin', '2023-10-19 08:24:10', '', NULL, '初始化密码 123456');
INSERT INTO `sys_config` VALUES (3, '主框架页-侧边栏主题', 'sys.index.sideTheme', 'theme-dark', 'Y', 'admin', '2023-10-19 08:24:10', '', NULL, '深黑主题theme-dark，浅色主题theme-light，深蓝主题theme-blue');
INSERT INTO `sys_config` VALUES (4, '账号自助-是否开启用户注册功能', 'sys.account.registerUser', 'false', 'Y', 'admin', '2023-10-19 08:24:10', '', NULL, '是否开启注册用户功能（true开启，false关闭）');
INSERT INTO `sys_config` VALUES (5, '用户管理-密码字符范围', 'sys.account.chrtype', '0', 'Y', 'admin', '2023-10-19 08:24:10', '', NULL, '默认任意字符范围，0任意（密码可以输入任意字符），1数字（密码只能为0-9数字），2英文字母（密码只能为a-z和A-Z字母），3字母和数字（密码必须包含字母，数字）,4字母数字和特殊字符（目前支持的特殊字符包括：~!@#$%^&*()-=_+）');
INSERT INTO `sys_config` VALUES (6, '用户管理-初始密码修改策略', 'sys.account.initPasswordModify', '0', 'Y', 'admin', '2023-10-19 08:24:10', '', NULL, '0：初始密码修改策略关闭，没有任何提示，1：提醒用户，如果未修改初始密码，则在登录时就会提醒修改密码对话框');
INSERT INTO `sys_config` VALUES (7, '用户管理-账号密码更新周期', 'sys.account.passwordValidateDays', '0', 'Y', 'admin', '2023-10-19 08:24:10', '', NULL, '密码更新周期（填写数字，数据初始化值为0不限制，若修改必须为大于0小于365的正整数），如果超过这个周期登录系统时，则在登录时就会提醒修改密码对话框');
INSERT INTO `sys_config` VALUES (8, '主框架页-菜单导航显示风格', 'sys.index.menuStyle', 'default', 'Y', 'admin', '2023-10-19 08:24:10', '', NULL, '菜单导航显示风格（default为左侧导航菜单，topnav为顶部导航菜单）');
INSERT INTO `sys_config` VALUES (9, '主框架页-是否开启页脚', 'sys.index.footer', 'true', 'Y', 'admin', '2023-10-19 08:24:10', '', NULL, '是否开启底部页脚显示（true显示，false隐藏）');
INSERT INTO `sys_config` VALUES (10, '主框架页-是否开启页签', 'sys.index.tagsView', 'true', 'Y', 'admin', '2023-10-19 08:24:10', '', NULL, '是否开启菜单多页签显示（true显示，false隐藏）');
INSERT INTO `sys_config` VALUES (11, '用户登录-黑名单列表', 'sys.login.blackIPList', '', 'Y', 'admin', '2023-10-19 08:24:10', '', NULL, '设置登录IP黑名单限制，多个匹配项以;分隔，支持匹配（*通配、网段）');

-- ----------------------------
-- Table structure for sys_dept
-- ----------------------------
DROP TABLE IF EXISTS `sys_dept`;
CREATE TABLE `sys_dept`  (
  `dept_id` bigint NOT NULL AUTO_INCREMENT COMMENT '部门id',
  `parent_id` bigint NULL DEFAULT 0 COMMENT '父部门id',
  `ancestors` varchar(50) CHARACTER SET utf8mb4 COLLATE utf8mb4_0900_ai_ci NULL DEFAULT '' COMMENT '祖级列表',
  `dept_name` varchar(30) CHARACTER SET utf8mb4 COLLATE utf8mb4_0900_ai_ci NULL DEFAULT '' COMMENT '部门名称',
  `order_num` int NULL DEFAULT 0 COMMENT '显示顺序',
  `leader` varchar(20) CHARACTER SET utf8mb4 COLLATE utf8mb4_0900_ai_ci NULL DEFAULT NULL COMMENT '负责人',
  `phone` varchar(11) CHARACTER SET utf8mb4 COLLATE utf8mb4_0900_ai_ci NULL DEFAULT NULL COMMENT '联系电话',
  `email` varchar(50) CHARACTER SET utf8mb4 COLLATE utf8mb4_0900_ai_ci NULL DEFAULT NULL COMMENT '邮箱',
  `status` char(1) CHARACTER SET utf8mb4 COLLATE utf8mb4_0900_ai_ci NULL DEFAULT '0' COMMENT '部门状态（0正常 1停用）',
  `del_flag` char(1) CHARACTER SET utf8mb4 COLLATE utf8mb4_0900_ai_ci NULL DEFAULT '0' COMMENT '删除标志（0代表存在 2代表删除）',
  `create_by` varchar(64) CHARACTER SET utf8mb4 COLLATE utf8mb4_0900_ai_ci NULL DEFAULT '' COMMENT '创建者',
  `create_time` datetime NULL DEFAULT NULL COMMENT '创建时间',
  `update_by` varchar(64) CHARACTER SET utf8mb4 COLLATE utf8mb4_0900_ai_ci NULL DEFAULT '' COMMENT '更新者',
  `update_time` datetime NULL DEFAULT NULL COMMENT '更新时间',
  PRIMARY KEY (`dept_id`) USING BTREE
) ENGINE = InnoDB AUTO_INCREMENT = 200 CHARACTER SET = utf8mb4 COLLATE = utf8mb4_0900_ai_ci COMMENT = '部门表' ROW_FORMAT = Dynamic;

-- ----------------------------
-- Records of sys_dept
-- ----------------------------
INSERT INTO `sys_dept` VALUES (100, 0, '0', '若依科技', 0, '若依', '15888888888', 'ry@qq.com', '0', '0', 'admin', '2023-10-19 08:24:09', '', NULL);
INSERT INTO `sys_dept` VALUES (101, 100, '0,100', '深圳总公司', 1, '若依', '15888888888', 'ry@qq.com', '0', '0', 'admin', '2023-10-19 08:24:09', '', NULL);
INSERT INTO `sys_dept` VALUES (102, 100, '0,100', '长沙分公司', 2, '若依', '15888888888', 'ry@qq.com', '0', '0', 'admin', '2023-10-19 08:24:09', '', NULL);
INSERT INTO `sys_dept` VALUES (103, 101, '0,100,101', '研发部门', 1, '若依', '15888888888', 'ry@qq.com', '0', '0', 'admin', '2023-10-19 08:24:09', '', NULL);
INSERT INTO `sys_dept` VALUES (104, 101, '0,100,101', '市场部门', 2, '若依', '15888888888', 'ry@qq.com', '0', '0', 'admin', '2023-10-19 08:24:09', '', NULL);
INSERT INTO `sys_dept` VALUES (105, 101, '0,100,101', '测试部门', 3, '若依', '15888888888', 'ry@qq.com', '0', '0', 'admin', '2023-10-19 08:24:09', '', NULL);
INSERT INTO `sys_dept` VALUES (106, 101, '0,100,101', '财务部门', 4, '若依', '15888888888', 'ry@qq.com', '0', '0', 'admin', '2023-10-19 08:24:09', '', NULL);
INSERT INTO `sys_dept` VALUES (107, 101, '0,100,101', '运维部门', 5, '若依', '15888888888', 'ry@qq.com', '0', '0', 'admin', '2023-10-19 08:24:09', '', NULL);
INSERT INTO `sys_dept` VALUES (108, 102, '0,100,102', '市场部门', 1, '若依', '15888888888', 'ry@qq.com', '0', '0', 'admin', '2023-10-19 08:24:09', '', NULL);
INSERT INTO `sys_dept` VALUES (109, 102, '0,100,102', '财务部门', 2, '若依', '15888888888', 'ry@qq.com', '0', '0', 'admin', '2023-10-19 08:24:09', '', NULL);

-- ----------------------------
-- Table structure for sys_dict_data
-- ----------------------------
DROP TABLE IF EXISTS `sys_dict_data`;
CREATE TABLE `sys_dict_data`  (
  `dict_code` bigint NOT NULL AUTO_INCREMENT COMMENT '字典编码',
  `dict_sort` int NULL DEFAULT 0 COMMENT '字典排序',
  `dict_label` varchar(100) CHARACTER SET utf8mb4 COLLATE utf8mb4_0900_ai_ci NULL DEFAULT '' COMMENT '字典标签',
  `dict_value` varchar(100) CHARACTER SET utf8mb4 COLLATE utf8mb4_0900_ai_ci NULL DEFAULT '' COMMENT '字典键值',
  `dict_type` varchar(100) CHARACTER SET utf8mb4 COLLATE utf8mb4_0900_ai_ci NULL DEFAULT '' COMMENT '字典类型',
  `css_class` varchar(100) CHARACTER SET utf8mb4 COLLATE utf8mb4_0900_ai_ci NULL DEFAULT NULL COMMENT '样式属性（其他样式扩展）',
  `list_class` varchar(100) CHARACTER SET utf8mb4 COLLATE utf8mb4_0900_ai_ci NULL DEFAULT NULL COMMENT '表格回显样式',
  `is_default` char(1) CHARACTER SET utf8mb4 COLLATE utf8mb4_0900_ai_ci NULL DEFAULT 'N' COMMENT '是否默认（Y是 N否）',
  `status` char(1) CHARACTER SET utf8mb4 COLLATE utf8mb4_0900_ai_ci NULL DEFAULT '0' COMMENT '状态（0正常 1停用）',
  `create_by` varchar(64) CHARACTER SET utf8mb4 COLLATE utf8mb4_0900_ai_ci NULL DEFAULT '' COMMENT '创建者',
  `create_time` datetime NULL DEFAULT NULL COMMENT '创建时间',
  `update_by` varchar(64) CHARACTER SET utf8mb4 COLLATE utf8mb4_0900_ai_ci NULL DEFAULT '' COMMENT '更新者',
  `update_time` datetime NULL DEFAULT NULL COMMENT '更新时间',
  `remark` varchar(500) CHARACTER SET utf8mb4 COLLATE utf8mb4_0900_ai_ci NULL DEFAULT NULL COMMENT '备注',
  PRIMARY KEY (`dict_code`) USING BTREE
) ENGINE = InnoDB AUTO_INCREMENT = 100 CHARACTER SET = utf8mb4 COLLATE = utf8mb4_0900_ai_ci COMMENT = '字典数据表' ROW_FORMAT = Dynamic;

-- ----------------------------
-- Records of sys_dict_data
-- ----------------------------
INSERT INTO `sys_dict_data` VALUES (1, 1, '男', '0', 'sys_user_sex', '', '', 'Y', '0', 'admin', '2023-10-19 08:24:09', '', NULL, '性别男');
INSERT INTO `sys_dict_data` VALUES (2, 2, '女', '1', 'sys_user_sex', '', '', 'N', '0', 'admin', '2023-10-19 08:24:09', '', NULL, '性别女');
INSERT INTO `sys_dict_data` VALUES (3, 3, '未知', '2', 'sys_user_sex', '', '', 'N', '0', 'admin', '2023-10-19 08:24:09', '', NULL, '性别未知');
INSERT INTO `sys_dict_data` VALUES (4, 1, '显示', '0', 'sys_show_hide', '', 'primary', 'Y', '0', 'admin', '2023-10-19 08:24:09', '', NULL, '显示菜单');
INSERT INTO `sys_dict_data` VALUES (5, 2, '隐藏', '1', 'sys_show_hide', '', 'danger', 'N', '0', 'admin', '2023-10-19 08:24:09', '', NULL, '隐藏菜单');
INSERT INTO `sys_dict_data` VALUES (6, 1, '正常', '0', 'sys_normal_disable', '', 'primary', 'Y', '0', 'admin', '2023-10-19 08:24:09', '', NULL, '正常状态');
INSERT INTO `sys_dict_data` VALUES (7, 2, '停用', '1', 'sys_normal_disable', '', 'danger', 'N', '0', 'admin', '2023-10-19 08:24:09', '', NULL, '停用状态');
INSERT INTO `sys_dict_data` VALUES (8, 1, '正常', '0', 'sys_job_status', '', 'primary', 'Y', '0', 'admin', '2023-10-19 08:24:09', '', NULL, '正常状态');
INSERT INTO `sys_dict_data` VALUES (9, 2, '暂停', '1', 'sys_job_status', '', 'danger', 'N', '0', 'admin', '2023-10-19 08:24:09', '', NULL, '停用状态');
INSERT INTO `sys_dict_data` VALUES (10, 1, '默认', 'DEFAULT', 'sys_job_group', '', '', 'Y', '0', 'admin', '2023-10-19 08:24:09', '', NULL, '默认分组');
INSERT INTO `sys_dict_data` VALUES (11, 2, '系统', 'SYSTEM', 'sys_job_group', '', '', 'N', '0', 'admin', '2023-10-19 08:24:09', '', NULL, '系统分组');
INSERT INTO `sys_dict_data` VALUES (12, 1, '是', 'Y', 'sys_yes_no', '', 'primary', 'Y', '0', 'admin', '2023-10-19 08:24:09', '', NULL, '系统默认是');
INSERT INTO `sys_dict_data` VALUES (13, 2, '否', 'N', 'sys_yes_no', '', 'danger', 'N', '0', 'admin', '2023-10-19 08:24:09', '', NULL, '系统默认否');
INSERT INTO `sys_dict_data` VALUES (14, 1, '通知', '1', 'sys_notice_type', '', 'warning', 'Y', '0', 'admin', '2023-10-19 08:24:09', '', NULL, '通知');
INSERT INTO `sys_dict_data` VALUES (15, 2, '公告', '2', 'sys_notice_type', '', 'success', 'N', '0', 'admin', '2023-10-19 08:24:09', '', NULL, '公告');
INSERT INTO `sys_dict_data` VALUES (16, 1, '正常', '0', 'sys_notice_status', '', 'primary', 'Y', '0', 'admin', '2023-10-19 08:24:09', '', NULL, '正常状态');
INSERT INTO `sys_dict_data` VALUES (17, 2, '关闭', '1', 'sys_notice_status', '', 'danger', 'N', '0', 'admin', '2023-10-19 08:24:09', '', NULL, '关闭状态');
INSERT INTO `sys_dict_data` VALUES (18, 99, '其他', '0', 'sys_oper_type', '', 'info', 'N', '0', 'admin', '2023-10-19 08:24:09', '', NULL, '其他操作');
INSERT INTO `sys_dict_data` VALUES (19, 1, '新增', '1', 'sys_oper_type', '', 'info', 'N', '0', 'admin', '2023-10-19 08:24:09', '', NULL, '新增操作');
INSERT INTO `sys_dict_data` VALUES (20, 2, '修改', '2', 'sys_oper_type', '', 'info', 'N', '0', 'admin', '2023-10-19 08:24:09', '', NULL, '修改操作');
INSERT INTO `sys_dict_data` VALUES (21, 3, '删除', '3', 'sys_oper_type', '', 'danger', 'N', '0', 'admin', '2023-10-19 08:24:09', '', NULL, '删除操作');
INSERT INTO `sys_dict_data` VALUES (22, 4, '授权', '4', 'sys_oper_type', '', 'primary', 'N', '0', 'admin', '2023-10-19 08:24:09', '', NULL, '授权操作');
INSERT INTO `sys_dict_data` VALUES (23, 5, '导出', '5', 'sys_oper_type', '', 'warning', 'N', '0', 'admin', '2023-10-19 08:24:09', '', NULL, '导出操作');
INSERT INTO `sys_dict_data` VALUES (24, 6, '导入', '6', 'sys_oper_type', '', 'warning', 'N', '0', 'admin', '2023-10-19 08:24:09', '', NULL, '导入操作');
INSERT INTO `sys_dict_data` VALUES (25, 7, '强退', '7', 'sys_oper_type', '', 'danger', 'N', '0', 'admin', '2023-10-19 08:24:09', '', NULL, '强退操作');
INSERT INTO `sys_dict_data` VALUES (26, 8, '生成代码', '8', 'sys_oper_type', '', 'warning', 'N', '0', 'admin', '2023-10-19 08:24:09', '', NULL, '生成操作');
INSERT INTO `sys_dict_data` VALUES (27, 9, '清空数据', '9', 'sys_oper_type', '', 'danger', 'N', '0', 'admin', '2023-10-19 08:24:09', '', NULL, '清空操作');
INSERT INTO `sys_dict_data` VALUES (28, 1, '成功', '0', 'sys_common_status', '', 'primary', 'N', '0', 'admin', '2023-10-19 08:24:09', '', NULL, '正常状态');
INSERT INTO `sys_dict_data` VALUES (29, 2, '失败', '1', 'sys_common_status', '', 'danger', 'N', '0', 'admin', '2023-10-19 08:24:09', '', NULL, '停用状态');

-- ----------------------------
-- Table structure for sys_dict_type
-- ----------------------------
DROP TABLE IF EXISTS `sys_dict_type`;
CREATE TABLE `sys_dict_type`  (
  `dict_id` bigint NOT NULL AUTO_INCREMENT COMMENT '字典主键',
  `dict_name` varchar(100) CHARACTER SET utf8mb4 COLLATE utf8mb4_0900_ai_ci NULL DEFAULT '' COMMENT '字典名称',
  `dict_type` varchar(100) CHARACTER SET utf8mb4 COLLATE utf8mb4_0900_ai_ci NULL DEFAULT '' COMMENT '字典类型',
  `status` char(1) CHARACTER SET utf8mb4 COLLATE utf8mb4_0900_ai_ci NULL DEFAULT '0' COMMENT '状态（0正常 1停用）',
  `create_by` varchar(64) CHARACTER SET utf8mb4 COLLATE utf8mb4_0900_ai_ci NULL DEFAULT '' COMMENT '创建者',
  `create_time` datetime NULL DEFAULT NULL COMMENT '创建时间',
  `update_by` varchar(64) CHARACTER SET utf8mb4 COLLATE utf8mb4_0900_ai_ci NULL DEFAULT '' COMMENT '更新者',
  `update_time` datetime NULL DEFAULT NULL COMMENT '更新时间',
  `remark` varchar(500) CHARACTER SET utf8mb4 COLLATE utf8mb4_0900_ai_ci NULL DEFAULT NULL COMMENT '备注',
  PRIMARY KEY (`dict_id`) USING BTREE,
  UNIQUE INDEX `dict_type`(`dict_type` ASC) USING BTREE
) ENGINE = InnoDB AUTO_INCREMENT = 100 CHARACTER SET = utf8mb4 COLLATE = utf8mb4_0900_ai_ci COMMENT = '字典类型表' ROW_FORMAT = Dynamic;

-- ----------------------------
-- Records of sys_dict_type
-- ----------------------------
INSERT INTO `sys_dict_type` VALUES (1, '用户性别', 'sys_user_sex', '0', 'admin', '2023-10-19 08:24:09', '', NULL, '用户性别列表');
INSERT INTO `sys_dict_type` VALUES (2, '菜单状态', 'sys_show_hide', '0', 'admin', '2023-10-19 08:24:09', '', NULL, '菜单状态列表');
INSERT INTO `sys_dict_type` VALUES (3, '系统开关', 'sys_normal_disable', '0', 'admin', '2023-10-19 08:24:09', '', NULL, '系统开关列表');
INSERT INTO `sys_dict_type` VALUES (4, '任务状态', 'sys_job_status', '0', 'admin', '2023-10-19 08:24:09', '', NULL, '任务状态列表');
INSERT INTO `sys_dict_type` VALUES (5, '任务分组', 'sys_job_group', '0', 'admin', '2023-10-19 08:24:09', '', NULL, '任务分组列表');
INSERT INTO `sys_dict_type` VALUES (6, '系统是否', 'sys_yes_no', '0', 'admin', '2023-10-19 08:24:09', '', NULL, '系统是否列表');
INSERT INTO `sys_dict_type` VALUES (7, '通知类型', 'sys_notice_type', '0', 'admin', '2023-10-19 08:24:09', '', NULL, '通知类型列表');
INSERT INTO `sys_dict_type` VALUES (8, '通知状态', 'sys_notice_status', '0', 'admin', '2023-10-19 08:24:09', '', NULL, '通知状态列表');
INSERT INTO `sys_dict_type` VALUES (9, '操作类型', 'sys_oper_type', '0', 'admin', '2023-10-19 08:24:09', '', NULL, '操作类型列表');
INSERT INTO `sys_dict_type` VALUES (10, '系统状态', 'sys_common_status', '0', 'admin', '2023-10-19 08:24:09', '', NULL, '登录状态列表');

-- ----------------------------
-- Table structure for sys_job
-- ----------------------------
DROP TABLE IF EXISTS `sys_job`;
CREATE TABLE `sys_job`  (
  `job_id` bigint NOT NULL AUTO_INCREMENT COMMENT '任务ID',
  `job_name` varchar(64) CHARACTER SET utf8mb4 COLLATE utf8mb4_0900_ai_ci NOT NULL DEFAULT '' COMMENT '任务名称',
  `job_group` varchar(64) CHARACTER SET utf8mb4 COLLATE utf8mb4_0900_ai_ci NOT NULL DEFAULT 'DEFAULT' COMMENT '任务组名',
  `invoke_target` varchar(500) CHARACTER SET utf8mb4 COLLATE utf8mb4_0900_ai_ci NOT NULL COMMENT '调用目标字符串',
  `cron_expression` varchar(255) CHARACTER SET utf8mb4 COLLATE utf8mb4_0900_ai_ci NULL DEFAULT '' COMMENT 'cron执行表达式',
  `misfire_policy` varchar(20) CHARACTER SET utf8mb4 COLLATE utf8mb4_0900_ai_ci NULL DEFAULT '3' COMMENT '计划执行错误策略（1立即执行 2执行一次 3放弃执行）',
  `concurrent` char(1) CHARACTER SET utf8mb4 COLLATE utf8mb4_0900_ai_ci NULL DEFAULT '1' COMMENT '是否并发执行（0允许 1禁止）',
  `status` char(1) CHARACTER SET utf8mb4 COLLATE utf8mb4_0900_ai_ci NULL DEFAULT '0' COMMENT '状态（0正常 1暂停）',
  `create_by` varchar(64) CHARACTER SET utf8mb4 COLLATE utf8mb4_0900_ai_ci NULL DEFAULT '' COMMENT '创建者',
  `create_time` datetime NULL DEFAULT NULL COMMENT '创建时间',
  `update_by` varchar(64) CHARACTER SET utf8mb4 COLLATE utf8mb4_0900_ai_ci NULL DEFAULT '' COMMENT '更新者',
  `update_time` datetime NULL DEFAULT NULL COMMENT '更新时间',
  `remark` varchar(500) CHARACTER SET utf8mb4 COLLATE utf8mb4_0900_ai_ci NULL DEFAULT '' COMMENT '备注信息',
  PRIMARY KEY (`job_id`, `job_name`, `job_group`) USING BTREE
) ENGINE = InnoDB AUTO_INCREMENT = 101 CHARACTER SET = utf8mb4 COLLATE = utf8mb4_0900_ai_ci COMMENT = '定时任务调度表' ROW_FORMAT = Dynamic;

-- ----------------------------
-- Records of sys_job
-- ----------------------------
INSERT INTO `sys_job` VALUES (1, '系统默认（无参）', 'DEFAULT', 'ryTask.ryNoParams', '0/10 * * * * ?', '3', '1', '1', 'admin', '2023-10-19 08:24:10', '', NULL, '');
INSERT INTO `sys_job` VALUES (2, '系统默认（有参）', 'DEFAULT', 'ryTask.ryParams(\'ry\')', '0/15 * * * * ?', '3', '1', '1', 'admin', '2023-10-19 08:24:10', '', NULL, '');
INSERT INTO `sys_job` VALUES (3, '系统默认（多参）', 'DEFAULT', 'ryTask.ryMultipleParams(\'ry\', true, 2000L, 316.50D, 100)', '0/20 * * * * ?', '3', '1', '1', 'admin', '2023-10-19 08:24:10', '', NULL, '');
INSERT INTO `sys_job` VALUES (100, '自动推拉流任务', 'DEFAULT', 'com.ruoyi.system.service.impl.TlChatServiceImpl.autoPushStream', '0 */10 * * * ?', '1', '1', '0', 'admin', '2023-10-19 09:55:30', 'admin', '2023-10-19 09:56:15', '');

-- ----------------------------
-- Table structure for sys_job_log
-- ----------------------------
DROP TABLE IF EXISTS `sys_job_log`;
CREATE TABLE `sys_job_log`  (
  `job_log_id` bigint NOT NULL AUTO_INCREMENT COMMENT '任务日志ID',
  `job_name` varchar(64) CHARACTER SET utf8mb4 COLLATE utf8mb4_0900_ai_ci NOT NULL COMMENT '任务名称',
  `job_group` varchar(64) CHARACTER SET utf8mb4 COLLATE utf8mb4_0900_ai_ci NOT NULL COMMENT '任务组名',
  `invoke_target` varchar(500) CHARACTER SET utf8mb4 COLLATE utf8mb4_0900_ai_ci NOT NULL COMMENT '调用目标字符串',
  `job_message` varchar(500) CHARACTER SET utf8mb4 COLLATE utf8mb4_0900_ai_ci NULL DEFAULT NULL COMMENT '日志信息',
  `status` char(1) CHARACTER SET utf8mb4 COLLATE utf8mb4_0900_ai_ci NULL DEFAULT '0' COMMENT '执行状态（0正常 1失败）',
  `exception_info` varchar(2000) CHARACTER SET utf8mb4 COLLATE utf8mb4_0900_ai_ci NULL DEFAULT '' COMMENT '异常信息',
  `create_time` datetime NULL DEFAULT NULL COMMENT '创建时间',
  PRIMARY KEY (`job_log_id`) USING BTREE
) ENGINE = InnoDB AUTO_INCREMENT = 63 CHARACTER SET = utf8mb4 COLLATE = utf8mb4_0900_ai_ci COMMENT = '定时任务调度日志表' ROW_FORMAT = Dynamic;

-- ----------------------------
-- Records of sys_job_log
-- ----------------------------
INSERT INTO `sys_job_log` VALUES (1, '自动推拉流任务', 'DEFAULT', 'com.ruoyi.system.service.impl.TlChatServiceImpl.autoPushStream', '自动推拉流任务 总共耗时：2毫秒', '1', 'java.lang.NoSuchMethodException: com.ruoyi.system.service.impl.TlChatServiceImpl.autoPushStream()\r\n	at java.base/java.lang.Class.getMethod(Class.java:2227)\r\n	at com.ruoyi.quartz.util.JobInvokeUtil.invokeMethod(JobInvokeUtil.java:60)\r\n	at com.ruoyi.quartz.util.JobInvokeUtil.invokeMethod(JobInvokeUtil.java:38)\r\n	at com.ruoyi.quartz.util.QuartzDisallowConcurrentExecution.doExecute(QuartzDisallowConcurrentExecution.java:19)\r\n	at com.ruoyi.quartz.util.AbstractQuartzJob.execute(AbstractQuartzJob.java:43)\r\n	at org.quartz.core.JobRunShell.run(JobRunShell.java:202)\r\n	at org.quartz.simpl.SimpleThreadPool$WorkerThread.run(SimpleThreadPool.java:573)\r\n', '2023-10-19 09:56:15');
INSERT INTO `sys_job_log` VALUES (2, '自动推拉流任务', 'DEFAULT', 'com.ruoyi.system.service.impl.TlChatServiceImpl.autoPushStream', '自动推拉流任务 总共耗时：0毫秒', '1', 'java.lang.NoSuchMethodException: com.ruoyi.system.service.impl.TlChatServiceImpl.autoPushStream()\r\n	at java.base/java.lang.Class.getMethod(Class.java:2227)\r\n	at com.ruoyi.quartz.util.JobInvokeUtil.invokeMethod(JobInvokeUtil.java:60)\r\n	at com.ruoyi.quartz.util.JobInvokeUtil.invokeMethod(JobInvokeUtil.java:38)\r\n	at com.ruoyi.quartz.util.QuartzDisallowConcurrentExecution.doExecute(QuartzDisallowConcurrentExecution.java:19)\r\n	at com.ruoyi.quartz.util.AbstractQuartzJob.execute(AbstractQuartzJob.java:43)\r\n	at org.quartz.core.JobRunShell.run(JobRunShell.java:202)\r\n	at org.quartz.simpl.SimpleThreadPool$WorkerThread.run(SimpleThreadPool.java:573)\r\n', '2023-10-19 09:56:15');
INSERT INTO `sys_job_log` VALUES (3, '自动推拉流任务', 'DEFAULT', 'com.ruoyi.system.service.impl.TlChatServiceImpl.autoPushStream', '自动推拉流任务 总共耗时：0毫秒', '1', 'java.lang.NoSuchMethodException: com.ruoyi.system.service.impl.TlChatServiceImpl.autoPushStream()\r\n	at java.base/java.lang.Class.getMethod(Class.java:2227)\r\n	at com.ruoyi.quartz.util.JobInvokeUtil.invokeMethod(JobInvokeUtil.java:60)\r\n	at com.ruoyi.quartz.util.JobInvokeUtil.invokeMethod(JobInvokeUtil.java:38)\r\n	at com.ruoyi.quartz.util.QuartzDisallowConcurrentExecution.doExecute(QuartzDisallowConcurrentExecution.java:19)\r\n	at com.ruoyi.quartz.util.AbstractQuartzJob.execute(AbstractQuartzJob.java:43)\r\n	at org.quartz.core.JobRunShell.run(JobRunShell.java:202)\r\n	at org.quartz.simpl.SimpleThreadPool$WorkerThread.run(SimpleThreadPool.java:573)\r\n', '2023-10-19 09:56:15');
INSERT INTO `sys_job_log` VALUES (4, '自动推拉流任务', 'DEFAULT', 'com.ruoyi.system.service.impl.TlChatServiceImpl.autoPushStream', '自动推拉流任务 总共耗时：0毫秒', '1', 'java.lang.NoSuchMethodException: com.ruoyi.system.service.impl.TlChatServiceImpl.autoPushStream()\r\n	at java.base/java.lang.Class.getMethod(Class.java:2227)\r\n	at com.ruoyi.quartz.util.JobInvokeUtil.invokeMethod(JobInvokeUtil.java:60)\r\n	at com.ruoyi.quartz.util.JobInvokeUtil.invokeMethod(JobInvokeUtil.java:38)\r\n	at com.ruoyi.quartz.util.QuartzDisallowConcurrentExecution.doExecute(QuartzDisallowConcurrentExecution.java:19)\r\n	at com.ruoyi.quartz.util.AbstractQuartzJob.execute(AbstractQuartzJob.java:43)\r\n	at org.quartz.core.JobRunShell.run(JobRunShell.java:202)\r\n	at org.quartz.simpl.SimpleThreadPool$WorkerThread.run(SimpleThreadPool.java:573)\r\n', '2023-10-19 09:56:19');
INSERT INTO `sys_job_log` VALUES (5, '自动推拉流任务', 'DEFAULT', 'com.ruoyi.system.service.impl.TlChatServiceImpl.autoPushStream', '自动推拉流任务 总共耗时：0毫秒', '1', 'java.lang.NoSuchMethodException: com.ruoyi.system.service.impl.TlChatServiceImpl.autoPushStream()\r\n	at java.base/java.lang.Class.getMethod(Class.java:2227)\r\n	at com.ruoyi.quartz.util.JobInvokeUtil.invokeMethod(JobInvokeUtil.java:60)\r\n	at com.ruoyi.quartz.util.JobInvokeUtil.invokeMethod(JobInvokeUtil.java:38)\r\n	at com.ruoyi.quartz.util.QuartzDisallowConcurrentExecution.doExecute(QuartzDisallowConcurrentExecution.java:19)\r\n	at com.ruoyi.quartz.util.AbstractQuartzJob.execute(AbstractQuartzJob.java:43)\r\n	at org.quartz.core.JobRunShell.run(JobRunShell.java:202)\r\n	at org.quartz.simpl.SimpleThreadPool$WorkerThread.run(SimpleThreadPool.java:573)\r\n', '2023-10-19 09:56:20');
INSERT INTO `sys_job_log` VALUES (6, '自动推拉流任务', 'DEFAULT', 'com.ruoyi.system.service.impl.TlChatServiceImpl.autoPushStream', '自动推拉流任务 总共耗时：0毫秒', '1', 'java.lang.NoSuchMethodException: com.ruoyi.system.service.impl.TlChatServiceImpl.autoPushStream()\r\n	at java.base/java.lang.Class.getMethod(Class.java:2227)\r\n	at com.ruoyi.quartz.util.JobInvokeUtil.invokeMethod(JobInvokeUtil.java:60)\r\n	at com.ruoyi.quartz.util.JobInvokeUtil.invokeMethod(JobInvokeUtil.java:38)\r\n	at com.ruoyi.quartz.util.QuartzDisallowConcurrentExecution.doExecute(QuartzDisallowConcurrentExecution.java:19)\r\n	at com.ruoyi.quartz.util.AbstractQuartzJob.execute(AbstractQuartzJob.java:43)\r\n	at org.quartz.core.JobRunShell.run(JobRunShell.java:202)\r\n	at org.quartz.simpl.SimpleThreadPool$WorkerThread.run(SimpleThreadPool.java:573)\r\n', '2023-10-19 09:56:30');
INSERT INTO `sys_job_log` VALUES (7, '自动推拉流任务', 'DEFAULT', 'com.ruoyi.system.service.impl.TlChatServiceImpl.autoPushStream', '自动推拉流任务 总共耗时：0毫秒', '1', 'java.lang.NoSuchMethodException: com.ruoyi.system.service.impl.TlChatServiceImpl.autoPushStream()\r\n	at java.base/java.lang.Class.getMethod(Class.java:2227)\r\n	at com.ruoyi.quartz.util.JobInvokeUtil.invokeMethod(JobInvokeUtil.java:60)\r\n	at com.ruoyi.quartz.util.JobInvokeUtil.invokeMethod(JobInvokeUtil.java:38)\r\n	at com.ruoyi.quartz.util.QuartzDisallowConcurrentExecution.doExecute(QuartzDisallowConcurrentExecution.java:19)\r\n	at com.ruoyi.quartz.util.AbstractQuartzJob.execute(AbstractQuartzJob.java:43)\r\n	at org.quartz.core.JobRunShell.run(JobRunShell.java:202)\r\n	at org.quartz.simpl.SimpleThreadPool$WorkerThread.run(SimpleThreadPool.java:573)\r\n', '2023-10-19 09:56:40');
INSERT INTO `sys_job_log` VALUES (8, '自动推拉流任务', 'DEFAULT', 'com.ruoyi.system.service.impl.TlChatServiceImpl.autoPushStream', '自动推拉流任务 总共耗时：0毫秒', '1', 'java.lang.NoSuchMethodException: com.ruoyi.system.service.impl.TlChatServiceImpl.autoPushStream()\r\n	at java.base/java.lang.Class.getMethod(Class.java:2227)\r\n	at com.ruoyi.quartz.util.JobInvokeUtil.invokeMethod(JobInvokeUtil.java:60)\r\n	at com.ruoyi.quartz.util.JobInvokeUtil.invokeMethod(JobInvokeUtil.java:38)\r\n	at com.ruoyi.quartz.util.QuartzDisallowConcurrentExecution.doExecute(QuartzDisallowConcurrentExecution.java:19)\r\n	at com.ruoyi.quartz.util.AbstractQuartzJob.execute(AbstractQuartzJob.java:43)\r\n	at org.quartz.core.JobRunShell.run(JobRunShell.java:202)\r\n	at org.quartz.simpl.SimpleThreadPool$WorkerThread.run(SimpleThreadPool.java:573)\r\n', '2023-10-19 09:56:50');
INSERT INTO `sys_job_log` VALUES (9, '自动推拉流任务', 'DEFAULT', 'com.ruoyi.system.service.impl.TlChatServiceImpl.autoPushStream', '自动推拉流任务 总共耗时：2毫秒', '1', 'java.lang.NoSuchMethodException: com.ruoyi.system.service.impl.TlChatServiceImpl.autoPushStream()\r\n	at java.base/java.lang.Class.getMethod(Class.java:2227)\r\n	at com.ruoyi.quartz.util.JobInvokeUtil.invokeMethod(JobInvokeUtil.java:60)\r\n	at com.ruoyi.quartz.util.JobInvokeUtil.invokeMethod(JobInvokeUtil.java:38)\r\n	at com.ruoyi.quartz.util.QuartzDisallowConcurrentExecution.doExecute(QuartzDisallowConcurrentExecution.java:19)\r\n	at com.ruoyi.quartz.util.AbstractQuartzJob.execute(AbstractQuartzJob.java:43)\r\n	at org.quartz.core.JobRunShell.run(JobRunShell.java:202)\r\n	at org.quartz.simpl.SimpleThreadPool$WorkerThread.run(SimpleThreadPool.java:573)\r\n', '2023-10-19 09:57:00');
INSERT INTO `sys_job_log` VALUES (10, '自动推拉流任务', 'DEFAULT', 'com.ruoyi.system.service.impl.TlChatServiceImpl.autoPushStream', '自动推拉流任务 总共耗时：0毫秒', '1', 'java.lang.NoSuchMethodException: com.ruoyi.system.service.impl.TlChatServiceImpl.autoPushStream()\r\n	at java.base/java.lang.Class.getMethod(Class.java:2227)\r\n	at com.ruoyi.quartz.util.JobInvokeUtil.invokeMethod(JobInvokeUtil.java:60)\r\n	at com.ruoyi.quartz.util.JobInvokeUtil.invokeMethod(JobInvokeUtil.java:38)\r\n	at com.ruoyi.quartz.util.QuartzDisallowConcurrentExecution.doExecute(QuartzDisallowConcurrentExecution.java:19)\r\n	at com.ruoyi.quartz.util.AbstractQuartzJob.execute(AbstractQuartzJob.java:43)\r\n	at org.quartz.core.JobRunShell.run(JobRunShell.java:202)\r\n	at org.quartz.simpl.SimpleThreadPool$WorkerThread.run(SimpleThreadPool.java:573)\r\n', '2023-10-19 09:57:10');
INSERT INTO `sys_job_log` VALUES (11, '自动推拉流任务', 'DEFAULT', 'com.ruoyi.system.service.impl.TlChatServiceImpl.autoPushStream', '自动推拉流任务 总共耗时：0毫秒', '1', 'java.lang.NoSuchMethodException: com.ruoyi.system.service.impl.TlChatServiceImpl.autoPushStream()\r\n	at java.base/java.lang.Class.getMethod(Class.java:2227)\r\n	at com.ruoyi.quartz.util.JobInvokeUtil.invokeMethod(JobInvokeUtil.java:60)\r\n	at com.ruoyi.quartz.util.JobInvokeUtil.invokeMethod(JobInvokeUtil.java:38)\r\n	at com.ruoyi.quartz.util.QuartzDisallowConcurrentExecution.doExecute(QuartzDisallowConcurrentExecution.java:19)\r\n	at com.ruoyi.quartz.util.AbstractQuartzJob.execute(AbstractQuartzJob.java:43)\r\n	at org.quartz.core.JobRunShell.run(JobRunShell.java:202)\r\n	at org.quartz.simpl.SimpleThreadPool$WorkerThread.run(SimpleThreadPool.java:573)\r\n', '2023-10-19 09:57:20');
INSERT INTO `sys_job_log` VALUES (12, '自动推拉流任务', 'DEFAULT', 'com.ruoyi.system.service.impl.TlChatServiceImpl.autoPushStream', '自动推拉流任务 总共耗时：1毫秒', '1', 'java.lang.NoSuchMethodException: com.ruoyi.system.service.impl.TlChatServiceImpl.autoPushStream()\r\n	at java.base/java.lang.Class.getMethod(Class.java:2227)\r\n	at com.ruoyi.quartz.util.JobInvokeUtil.invokeMethod(JobInvokeUtil.java:60)\r\n	at com.ruoyi.quartz.util.JobInvokeUtil.invokeMethod(JobInvokeUtil.java:38)\r\n	at com.ruoyi.quartz.util.QuartzDisallowConcurrentExecution.doExecute(QuartzDisallowConcurrentExecution.java:19)\r\n	at com.ruoyi.quartz.util.AbstractQuartzJob.execute(AbstractQuartzJob.java:43)\r\n	at org.quartz.core.JobRunShell.run(JobRunShell.java:202)\r\n	at org.quartz.simpl.SimpleThreadPool$WorkerThread.run(SimpleThreadPool.java:573)\r\n', '2023-10-19 09:57:30');
INSERT INTO `sys_job_log` VALUES (13, '自动推拉流任务', 'DEFAULT', 'com.ruoyi.system.service.impl.TlChatServiceImpl.autoPushStream', '自动推拉流任务 总共耗时：0毫秒', '1', 'java.lang.NoSuchMethodException: com.ruoyi.system.service.impl.TlChatServiceImpl.autoPushStream()\r\n	at java.base/java.lang.Class.getMethod(Class.java:2227)\r\n	at com.ruoyi.quartz.util.JobInvokeUtil.invokeMethod(JobInvokeUtil.java:60)\r\n	at com.ruoyi.quartz.util.JobInvokeUtil.invokeMethod(JobInvokeUtil.java:38)\r\n	at com.ruoyi.quartz.util.QuartzDisallowConcurrentExecution.doExecute(QuartzDisallowConcurrentExecution.java:19)\r\n	at com.ruoyi.quartz.util.AbstractQuartzJob.execute(AbstractQuartzJob.java:43)\r\n	at org.quartz.core.JobRunShell.run(JobRunShell.java:202)\r\n	at org.quartz.simpl.SimpleThreadPool$WorkerThread.run(SimpleThreadPool.java:573)\r\n', '2023-10-19 09:57:40');
INSERT INTO `sys_job_log` VALUES (14, '自动推拉流任务', 'DEFAULT', 'com.ruoyi.system.service.impl.TlChatServiceImpl.autoPushStream', '自动推拉流任务 总共耗时：0毫秒', '1', 'java.lang.NoSuchMethodException: com.ruoyi.system.service.impl.TlChatServiceImpl.autoPushStream()\r\n	at java.base/java.lang.Class.getMethod(Class.java:2227)\r\n	at com.ruoyi.quartz.util.JobInvokeUtil.invokeMethod(JobInvokeUtil.java:60)\r\n	at com.ruoyi.quartz.util.JobInvokeUtil.invokeMethod(JobInvokeUtil.java:38)\r\n	at com.ruoyi.quartz.util.QuartzDisallowConcurrentExecution.doExecute(QuartzDisallowConcurrentExecution.java:19)\r\n	at com.ruoyi.quartz.util.AbstractQuartzJob.execute(AbstractQuartzJob.java:43)\r\n	at org.quartz.core.JobRunShell.run(JobRunShell.java:202)\r\n	at org.quartz.simpl.SimpleThreadPool$WorkerThread.run(SimpleThreadPool.java:573)\r\n', '2023-10-19 09:57:50');
INSERT INTO `sys_job_log` VALUES (15, '自动推拉流任务', 'DEFAULT', 'com.ruoyi.system.service.impl.TlChatServiceImpl.autoPushStream', '自动推拉流任务 总共耗时：3毫秒', '1', 'java.lang.reflect.InvocationTargetException\r\n	at java.base/jdk.internal.reflect.NativeMethodAccessorImpl.invoke0(Native Method)\r\n	at java.base/jdk.internal.reflect.NativeMethodAccessorImpl.invoke(NativeMethodAccessorImpl.java:77)\r\n	at java.base/jdk.internal.reflect.DelegatingMethodAccessorImpl.invoke(DelegatingMethodAccessorImpl.java:43)\r\n	at java.base/java.lang.reflect.Method.invoke(Method.java:568)\r\n	at com.ruoyi.quartz.util.JobInvokeUtil.invokeMethod(JobInvokeUtil.java:61)\r\n	at com.ruoyi.quartz.util.JobInvokeUtil.invokeMethod(JobInvokeUtil.java:38)\r\n	at com.ruoyi.quartz.util.QuartzDisallowConcurrentExecution.doExecute(QuartzDisallowConcurrentExecution.java:19)\r\n	at com.ruoyi.quartz.util.AbstractQuartzJob.execute(AbstractQuartzJob.java:43)\r\n	at org.quartz.core.JobRunShell.run(JobRunShell.java:202)\r\n	at org.quartz.simpl.SimpleThreadPool$WorkerThread.run(SimpleThreadPool.java:573)\r\nCaused by: java.lang.NullPointerException: Cannot invoke \"com.ruoyi.system.mapper.TlChatMapper.selectTlChatList(com.ruoyi.system.domain.TlChat)\" because \"this.tlChatMapper\" is null\r\n	at com.ruoyi.system.service.impl.TlChatServiceImpl.autoPushStream(TlChatServiceImpl.java:99)\r\n	... 10 more\r\n', '2023-10-19 10:07:03');
INSERT INTO `sys_job_log` VALUES (16, '自动推拉流任务', 'DEFAULT', 'com.ruoyi.system.service.impl.TlChatServiceImpl.autoPushStream', '自动推拉流任务 总共耗时：145毫秒', '0', '', '2023-10-19 10:10:26');
INSERT INTO `sys_job_log` VALUES (17, '自动推拉流任务', 'DEFAULT', 'com.ruoyi.system.service.impl.TlChatServiceImpl.autoPushStream', '自动推拉流任务 总共耗时：6毫秒', '0', '', '2023-10-19 10:12:41');
INSERT INTO `sys_job_log` VALUES (18, '自动推拉流任务', 'DEFAULT', 'com.ruoyi.system.service.impl.TlChatServiceImpl.autoPushStream', '自动推拉流任务 总共耗时：17毫秒', '0', '', '2023-10-19 10:20:00');
INSERT INTO `sys_job_log` VALUES (19, '自动推拉流任务', 'DEFAULT', 'com.ruoyi.system.service.impl.TlChatServiceImpl.autoPushStream', '自动推拉流任务 总共耗时：7毫秒', '0', '', '2023-10-19 10:22:09');
INSERT INTO `sys_job_log` VALUES (20, '自动推拉流任务', 'DEFAULT', 'com.ruoyi.system.service.impl.TlChatServiceImpl.autoPushStream', '自动推拉流任务 总共耗时：13毫秒', '0', '', '2023-10-19 10:30:00');
INSERT INTO `sys_job_log` VALUES (21, '自动推拉流任务', 'DEFAULT', 'com.ruoyi.system.service.impl.TlChatServiceImpl.autoPushStream', '自动推拉流任务 总共耗时：14毫秒', '0', '', '2023-10-19 10:40:00');
INSERT INTO `sys_job_log` VALUES (22, '自动推拉流任务', 'DEFAULT', 'com.ruoyi.system.service.impl.TlChatServiceImpl.autoPushStream', '自动推拉流任务 总共耗时：12毫秒', '0', '', '2023-10-19 10:50:00');
INSERT INTO `sys_job_log` VALUES (23, '自动推拉流任务', 'DEFAULT', 'com.ruoyi.system.service.impl.TlChatServiceImpl.autoPushStream', '自动推拉流任务 总共耗时：11毫秒', '0', '', '2023-10-19 11:00:00');
INSERT INTO `sys_job_log` VALUES (24, '自动推拉流任务', 'DEFAULT', 'com.ruoyi.system.service.impl.TlChatServiceImpl.autoPushStream', '自动推拉流任务 总共耗时：10毫秒', '0', '', '2023-10-19 11:10:00');
INSERT INTO `sys_job_log` VALUES (25, '自动推拉流任务', 'DEFAULT', 'com.ruoyi.system.service.impl.TlChatServiceImpl.autoPushStream', '自动推拉流任务 总共耗时：12毫秒', '0', '', '2023-10-19 11:20:00');
INSERT INTO `sys_job_log` VALUES (26, '自动推拉流任务', 'DEFAULT', 'com.ruoyi.system.service.impl.TlChatServiceImpl.autoPushStream', '自动推拉流任务 总共耗时：8毫秒', '0', '', '2023-10-19 11:30:00');
INSERT INTO `sys_job_log` VALUES (27, '自动推拉流任务', 'DEFAULT', 'com.ruoyi.system.service.impl.TlChatServiceImpl.autoPushStream', '自动推拉流任务 总共耗时：26毫秒', '0', '', '2023-10-19 11:40:00');
INSERT INTO `sys_job_log` VALUES (28, '自动推拉流任务', 'DEFAULT', 'com.ruoyi.system.service.impl.TlChatServiceImpl.autoPushStream', '自动推拉流任务 总共耗时：13毫秒', '0', '', '2023-10-19 11:50:00');
INSERT INTO `sys_job_log` VALUES (29, '自动推拉流任务', 'DEFAULT', 'com.ruoyi.system.service.impl.TlChatServiceImpl.autoPushStream', '自动推拉流任务 总共耗时：9毫秒', '0', '', '2023-10-19 12:00:00');
INSERT INTO `sys_job_log` VALUES (30, '自动推拉流任务', 'DEFAULT', 'com.ruoyi.system.service.impl.TlChatServiceImpl.autoPushStream', '自动推拉流任务 总共耗时：21毫秒', '0', '', '2023-10-19 12:10:00');
INSERT INTO `sys_job_log` VALUES (31, '自动推拉流任务', 'DEFAULT', 'com.ruoyi.system.service.impl.TlChatServiceImpl.autoPushStream', '自动推拉流任务 总共耗时：6毫秒', '0', '', '2023-10-19 12:20:00');
INSERT INTO `sys_job_log` VALUES (32, '自动推拉流任务', 'DEFAULT', 'com.ruoyi.system.service.impl.TlChatServiceImpl.autoPushStream', '自动推拉流任务 总共耗时：7毫秒', '0', '', '2023-10-19 12:30:00');
INSERT INTO `sys_job_log` VALUES (33, '自动推拉流任务', 'DEFAULT', 'com.ruoyi.system.service.impl.TlChatServiceImpl.autoPushStream', '自动推拉流任务 总共耗时：3毫秒', '0', '', '2023-10-19 14:27:03');
INSERT INTO `sys_job_log` VALUES (34, '自动推拉流任务', 'DEFAULT', 'com.ruoyi.system.service.impl.TlChatServiceImpl.autoPushStream', '自动推拉流任务 总共耗时：1毫秒', '0', '', '2023-10-19 14:27:03');
INSERT INTO `sys_job_log` VALUES (35, '自动推拉流任务', 'DEFAULT', 'com.ruoyi.system.service.impl.TlChatServiceImpl.autoPushStream', '自动推拉流任务 总共耗时：1毫秒', '0', '', '2023-10-19 14:27:03');
INSERT INTO `sys_job_log` VALUES (36, '自动推拉流任务', 'DEFAULT', 'com.ruoyi.system.service.impl.TlChatServiceImpl.autoPushStream', '自动推拉流任务 总共耗时：1毫秒', '0', '', '2023-10-19 14:27:03');
INSERT INTO `sys_job_log` VALUES (37, '自动推拉流任务', 'DEFAULT', 'com.ruoyi.system.service.impl.TlChatServiceImpl.autoPushStream', '自动推拉流任务 总共耗时：2毫秒', '0', '', '2023-10-19 14:27:03');
INSERT INTO `sys_job_log` VALUES (38, '自动推拉流任务', 'DEFAULT', 'com.ruoyi.system.service.impl.TlChatServiceImpl.autoPushStream', '自动推拉流任务 总共耗时：2毫秒', '0', '', '2023-10-19 14:27:03');
INSERT INTO `sys_job_log` VALUES (39, '自动推拉流任务', 'DEFAULT', 'com.ruoyi.system.service.impl.TlChatServiceImpl.autoPushStream', '自动推拉流任务 总共耗时：2毫秒', '0', '', '2023-10-19 14:27:03');
INSERT INTO `sys_job_log` VALUES (40, '自动推拉流任务', 'DEFAULT', 'com.ruoyi.system.service.impl.TlChatServiceImpl.autoPushStream', '自动推拉流任务 总共耗时：1毫秒', '0', '', '2023-10-19 14:27:03');
INSERT INTO `sys_job_log` VALUES (41, '自动推拉流任务', 'DEFAULT', 'com.ruoyi.system.service.impl.TlChatServiceImpl.autoPushStream', '自动推拉流任务 总共耗时：2毫秒', '0', '', '2023-10-19 14:27:03');
INSERT INTO `sys_job_log` VALUES (42, '自动推拉流任务', 'DEFAULT', 'com.ruoyi.system.service.impl.TlChatServiceImpl.autoPushStream', '自动推拉流任务 总共耗时：3毫秒', '0', '', '2023-10-19 14:27:03');
INSERT INTO `sys_job_log` VALUES (43, '自动推拉流任务', 'DEFAULT', 'com.ruoyi.system.service.impl.TlChatServiceImpl.autoPushStream', '自动推拉流任务 总共耗时：2毫秒', '0', '', '2023-10-19 14:27:03');
INSERT INTO `sys_job_log` VALUES (44, '自动推拉流任务', 'DEFAULT', 'com.ruoyi.system.service.impl.TlChatServiceImpl.autoPushStream', '自动推拉流任务 总共耗时：8毫秒', '0', '', '2023-10-19 14:30:00');
INSERT INTO `sys_job_log` VALUES (45, '自动推拉流任务', 'DEFAULT', 'com.ruoyi.system.service.impl.TlChatServiceImpl.autoPushStream', '自动推拉流任务 总共耗时：22毫秒', '0', '', '2023-10-19 14:40:00');
INSERT INTO `sys_job_log` VALUES (46, '自动推拉流任务', 'DEFAULT', 'com.ruoyi.system.service.impl.TlChatServiceImpl.autoPushStream', '自动推拉流任务 总共耗时：21毫秒', '0', '', '2023-10-19 14:50:00');
INSERT INTO `sys_job_log` VALUES (47, '自动推拉流任务', 'DEFAULT', 'com.ruoyi.system.service.impl.TlChatServiceImpl.autoPushStream', '自动推拉流任务 总共耗时：8毫秒', '0', '', '2023-10-19 15:00:00');
INSERT INTO `sys_job_log` VALUES (48, '自动推拉流任务', 'DEFAULT', 'com.ruoyi.system.service.impl.TlChatServiceImpl.autoPushStream', '自动推拉流任务 总共耗时：14毫秒', '0', '', '2023-10-19 15:10:00');
INSERT INTO `sys_job_log` VALUES (49, '自动推拉流任务', 'DEFAULT', 'com.ruoyi.system.service.impl.TlChatServiceImpl.autoPushStream', '自动推拉流任务 总共耗时：62毫秒', '0', '', '2023-10-19 15:20:00');
INSERT INTO `sys_job_log` VALUES (50, '自动推拉流任务', 'DEFAULT', 'com.ruoyi.system.service.impl.TlChatServiceImpl.autoPushStream', '自动推拉流任务 总共耗时：15毫秒', '0', '', '2023-10-19 15:30:00');
INSERT INTO `sys_job_log` VALUES (51, '自动推拉流任务', 'DEFAULT', 'com.ruoyi.system.service.impl.TlChatServiceImpl.autoPushStream', '自动推拉流任务 总共耗时：13毫秒', '0', '', '2023-10-19 15:40:00');
INSERT INTO `sys_job_log` VALUES (52, '自动推拉流任务', 'DEFAULT', 'com.ruoyi.system.service.impl.TlChatServiceImpl.autoPushStream', '自动推拉流任务 总共耗时：11毫秒', '0', '', '2023-10-19 15:50:00');
INSERT INTO `sys_job_log` VALUES (53, '自动推拉流任务', 'DEFAULT', 'com.ruoyi.system.service.impl.TlChatServiceImpl.autoPushStream', '自动推拉流任务 总共耗时：7毫秒', '0', '', '2023-10-19 16:00:00');
INSERT INTO `sys_job_log` VALUES (54, '自动推拉流任务', 'DEFAULT', 'com.ruoyi.system.service.impl.TlChatServiceImpl.autoPushStream', '自动推拉流任务 总共耗时：10毫秒', '0', '', '2023-10-19 16:10:00');
INSERT INTO `sys_job_log` VALUES (55, '自动推拉流任务', 'DEFAULT', 'com.ruoyi.system.service.impl.TlChatServiceImpl.autoPushStream', '自动推拉流任务 总共耗时：8毫秒', '0', '', '2023-10-19 16:20:00');
INSERT INTO `sys_job_log` VALUES (56, '自动推拉流任务', 'DEFAULT', 'com.ruoyi.system.service.impl.TlChatServiceImpl.autoPushStream', '自动推拉流任务 总共耗时：6毫秒', '0', '', '2023-10-19 16:30:00');
INSERT INTO `sys_job_log` VALUES (57, '自动推拉流任务', 'DEFAULT', 'com.ruoyi.system.service.impl.TlChatServiceImpl.autoPushStream', '自动推拉流任务 总共耗时：6毫秒', '0', '', '2023-10-19 16:40:00');
INSERT INTO `sys_job_log` VALUES (58, '自动推拉流任务', 'DEFAULT', 'com.ruoyi.system.service.impl.TlChatServiceImpl.autoPushStream', '自动推拉流任务 总共耗时：4毫秒', '0', '', '2023-10-19 16:50:00');
INSERT INTO `sys_job_log` VALUES (59, '自动推拉流任务', 'DEFAULT', 'com.ruoyi.system.service.impl.TlChatServiceImpl.autoPushStream', '自动推拉流任务 总共耗时：20毫秒', '0', '', '2023-10-19 17:00:00');
INSERT INTO `sys_job_log` VALUES (60, '自动推拉流任务', 'DEFAULT', 'com.ruoyi.system.service.impl.TlChatServiceImpl.autoPushStream', '自动推拉流任务 总共耗时：6毫秒', '0', '', '2023-10-19 17:10:00');
INSERT INTO `sys_job_log` VALUES (61, '自动推拉流任务', 'DEFAULT', 'com.ruoyi.system.service.impl.TlChatServiceImpl.autoPushStream', '自动推拉流任务 总共耗时：8毫秒', '0', '', '2023-10-19 17:20:00');
INSERT INTO `sys_job_log` VALUES (62, '自动推拉流任务', 'DEFAULT', 'com.ruoyi.system.service.impl.TlChatServiceImpl.autoPushStream', '自动推拉流任务 总共耗时：6毫秒', '0', '', '2023-10-23 18:10:00');

-- ----------------------------
-- Table structure for sys_logininfor
-- ----------------------------
DROP TABLE IF EXISTS `sys_logininfor`;
CREATE TABLE `sys_logininfor`  (
  `info_id` bigint NOT NULL AUTO_INCREMENT COMMENT '访问ID',
  `login_name` varchar(50) CHARACTER SET utf8mb4 COLLATE utf8mb4_0900_ai_ci NULL DEFAULT '' COMMENT '登录账号',
  `ipaddr` varchar(128) CHARACTER SET utf8mb4 COLLATE utf8mb4_0900_ai_ci NULL DEFAULT '' COMMENT '登录IP地址',
  `login_location` varchar(255) CHARACTER SET utf8mb4 COLLATE utf8mb4_0900_ai_ci NULL DEFAULT '' COMMENT '登录地点',
  `browser` varchar(50) CHARACTER SET utf8mb4 COLLATE utf8mb4_0900_ai_ci NULL DEFAULT '' COMMENT '浏览器类型',
  `os` varchar(50) CHARACTER SET utf8mb4 COLLATE utf8mb4_0900_ai_ci NULL DEFAULT '' COMMENT '操作系统',
  `status` char(1) CHARACTER SET utf8mb4 COLLATE utf8mb4_0900_ai_ci NULL DEFAULT '0' COMMENT '登录状态（0成功 1失败）',
  `msg` varchar(255) CHARACTER SET utf8mb4 COLLATE utf8mb4_0900_ai_ci NULL DEFAULT '' COMMENT '提示消息',
  `login_time` datetime NULL DEFAULT NULL COMMENT '访问时间',
  PRIMARY KEY (`info_id`) USING BTREE,
  INDEX `idx_sys_logininfor_s`(`status` ASC) USING BTREE,
  INDEX `idx_sys_logininfor_lt`(`login_time` ASC) USING BTREE
) ENGINE = InnoDB AUTO_INCREMENT = 125 CHARACTER SET = utf8mb4 COLLATE = utf8mb4_0900_ai_ci COMMENT = '系统访问记录' ROW_FORMAT = Dynamic;

-- ----------------------------
-- Records of sys_logininfor
-- ----------------------------
INSERT INTO `sys_logininfor` VALUES (100, 'admin', '127.0.0.1', '内网IP', 'Chrome 11', 'Windows 10', '0', '登录成功', '2023-10-19 08:36:15');
INSERT INTO `sys_logininfor` VALUES (101, 'admin', '127.0.0.1', '内网IP', 'Chrome 11', 'Windows 10', '0', '退出成功', '2023-10-19 08:44:59');
INSERT INTO `sys_logininfor` VALUES (102, 'chenwj', '127.0.0.1', '内网IP', 'Chrome 11', 'Windows 10', '0', '登录成功', '2023-10-19 08:45:07');
INSERT INTO `sys_logininfor` VALUES (103, 'chenwj', '127.0.0.1', '内网IP', 'Chrome 11', 'Windows 10', '0', '登录成功', '2023-10-19 09:02:51');
INSERT INTO `sys_logininfor` VALUES (104, 'chenwj', '127.0.0.1', '内网IP', 'Chrome 11', 'Windows 10', '0', '登录成功', '2023-10-19 09:23:16');
INSERT INTO `sys_logininfor` VALUES (105, 'chenwj', '127.0.0.1', '内网IP', 'Chrome 11', 'Windows 10', '0', '登录成功', '2023-10-19 09:28:32');
INSERT INTO `sys_logininfor` VALUES (106, 'admin', '127.0.0.1', '内网IP', 'Chrome 11', 'Windows 10', '0', '登录成功', '2023-10-19 09:33:03');
INSERT INTO `sys_logininfor` VALUES (107, 'chenwj', '127.0.0.1', '内网IP', 'Chrome 11', 'Windows 10', '0', '登录成功', '2023-10-19 09:34:14');
INSERT INTO `sys_logininfor` VALUES (108, 'admin', '127.0.0.1', '内网IP', 'Chrome 11', 'Windows 10', '0', '登录成功', '2023-10-19 09:36:29');
INSERT INTO `sys_logininfor` VALUES (109, 'admin', '127.0.0.1', '内网IP', 'Chrome 11', 'Windows 10', '0', '登录成功', '2023-10-19 10:05:39');
INSERT INTO `sys_logininfor` VALUES (110, 'admin', '127.0.0.1', '内网IP', 'Chrome 11', 'Windows 10', '0', '登录成功', '2023-10-19 10:10:18');
INSERT INTO `sys_logininfor` VALUES (111, 'chenwj', '127.0.0.1', '内网IP', 'Chrome 11', 'Windows 10', '0', '登录成功', '2023-10-19 10:55:24');
INSERT INTO `sys_logininfor` VALUES (112, 'admin', '127.0.0.1', '内网IP', 'Chrome 11', 'Windows 10', '0', '登录成功', '2023-10-19 15:06:18');
INSERT INTO `sys_logininfor` VALUES (113, 'admin', '127.0.0.1', '内网IP', 'Chrome 11', 'Windows 10', '0', '退出成功', '2023-10-19 15:09:46');
INSERT INTO `sys_logininfor` VALUES (114, 'admin', '127.0.0.1', '内网IP', 'Chrome 11', 'Windows 10', '0', '登录成功', '2023-10-19 15:28:19');
INSERT INTO `sys_logininfor` VALUES (115, 'admin', '127.0.0.1', '内网IP', 'Chrome 11', 'Windows 10', '0', '登录成功', '2023-10-19 15:31:40');
INSERT INTO `sys_logininfor` VALUES (116, 'admin', '127.0.0.1', '内网IP', 'Chrome 11', 'Windows 10', '0', '登录成功', '2023-10-19 15:35:19');
INSERT INTO `sys_logininfor` VALUES (117, 'admin', '127.0.0.1', '内网IP', 'Chrome 11', 'Windows 10', '0', '登录成功', '2023-10-19 15:41:04');
INSERT INTO `sys_logininfor` VALUES (118, 'admin', '127.0.0.1', '内网IP', 'Chrome 11', 'Windows 10', '1', '验证码错误', '2023-10-19 16:55:08');
INSERT INTO `sys_logininfor` VALUES (119, 'admin', '127.0.0.1', '内网IP', 'Chrome 11', 'Windows 10', '0', '登录成功', '2023-10-19 16:55:10');
INSERT INTO `sys_logininfor` VALUES (120, 'admin', '127.0.0.1', '内网IP', 'Chrome 11', 'Windows 10', '0', '登录成功', '2023-10-19 16:56:53');
INSERT INTO `sys_logininfor` VALUES (121, 'admin', '127.0.0.1', '内网IP', 'Chrome 11', 'Windows 10', '0', '登录成功', '2023-10-19 16:57:49');
INSERT INTO `sys_logininfor` VALUES (122, 'admin', '127.0.0.1', '内网IP', 'Chrome 11', 'Windows 10', '0', '登录成功', '2023-10-23 18:02:30');
INSERT INTO `sys_logininfor` VALUES (123, 'admin', '127.0.0.1', '内网IP', 'Chrome 11', 'Windows 10', '0', '登录成功', '2023-10-23 18:12:47');
INSERT INTO `sys_logininfor` VALUES (124, 'admin', '127.0.0.1', '内网IP', 'Chrome 11', 'Windows 10', '0', '登录成功', '2023-10-23 18:15:00');

-- ----------------------------
-- Table structure for sys_menu
-- ----------------------------
DROP TABLE IF EXISTS `sys_menu`;
CREATE TABLE `sys_menu`  (
  `menu_id` bigint NOT NULL AUTO_INCREMENT COMMENT '菜单ID',
  `menu_name` varchar(50) CHARACTER SET utf8mb4 COLLATE utf8mb4_0900_ai_ci NOT NULL COMMENT '菜单名称',
  `parent_id` bigint NULL DEFAULT 0 COMMENT '父菜单ID',
  `order_num` int NULL DEFAULT 0 COMMENT '显示顺序',
  `url` varchar(200) CHARACTER SET utf8mb4 COLLATE utf8mb4_0900_ai_ci NULL DEFAULT '#' COMMENT '请求地址',
  `target` varchar(20) CHARACTER SET utf8mb4 COLLATE utf8mb4_0900_ai_ci NULL DEFAULT '' COMMENT '打开方式（menuItem页签 menuBlank新窗口）',
  `menu_type` char(1) CHARACTER SET utf8mb4 COLLATE utf8mb4_0900_ai_ci NULL DEFAULT '' COMMENT '菜单类型（M目录 C菜单 F按钮）',
  `visible` char(1) CHARACTER SET utf8mb4 COLLATE utf8mb4_0900_ai_ci NULL DEFAULT '0' COMMENT '菜单状态（0显示 1隐藏）',
  `is_refresh` char(1) CHARACTER SET utf8mb4 COLLATE utf8mb4_0900_ai_ci NULL DEFAULT '1' COMMENT '是否刷新（0刷新 1不刷新）',
  `perms` varchar(100) CHARACTER SET utf8mb4 COLLATE utf8mb4_0900_ai_ci NULL DEFAULT NULL COMMENT '权限标识',
  `icon` varchar(100) CHARACTER SET utf8mb4 COLLATE utf8mb4_0900_ai_ci NULL DEFAULT '#' COMMENT '菜单图标',
  `create_by` varchar(64) CHARACTER SET utf8mb4 COLLATE utf8mb4_0900_ai_ci NULL DEFAULT '' COMMENT '创建者',
  `create_time` datetime NULL DEFAULT NULL COMMENT '创建时间',
  `update_by` varchar(64) CHARACTER SET utf8mb4 COLLATE utf8mb4_0900_ai_ci NULL DEFAULT '' COMMENT '更新者',
  `update_time` datetime NULL DEFAULT NULL COMMENT '更新时间',
  `remark` varchar(500) CHARACTER SET utf8mb4 COLLATE utf8mb4_0900_ai_ci NULL DEFAULT '' COMMENT '备注',
  PRIMARY KEY (`menu_id`) USING BTREE
) ENGINE = InnoDB AUTO_INCREMENT = 2037 CHARACTER SET = utf8mb4 COLLATE = utf8mb4_0900_ai_ci COMMENT = '菜单权限表' ROW_FORMAT = Dynamic;

-- ----------------------------
-- Records of sys_menu
-- ----------------------------
INSERT INTO `sys_menu` VALUES (1, '系统管理', 0, 1, '#', '', 'M', '0', '1', '', 'fa fa-gear', 'admin', '2023-10-19 08:24:09', '', NULL, '系统管理目录');
INSERT INTO `sys_menu` VALUES (2, '系统监控', 0, 2, '#', '', 'M', '0', '1', '', 'fa fa-video-camera', 'admin', '2023-10-19 08:24:09', '', NULL, '系统监控目录');
INSERT INTO `sys_menu` VALUES (3, '系统工具', 0, 3, '#', '', 'M', '0', '1', '', 'fa fa-bars', 'admin', '2023-10-19 08:24:09', '', NULL, '系统工具目录');
INSERT INTO `sys_menu` VALUES (4, '若依官网', 0, 4, 'http://ruoyi.vip', 'menuBlank', 'C', '0', '1', '', 'fa fa-location-arrow', 'admin', '2023-10-19 08:24:09', '', NULL, '若依官网地址');
INSERT INTO `sys_menu` VALUES (100, '用户管理', 1, 1, '/system/user', '', 'C', '0', '1', 'system:user:view', 'fa fa-user-o', 'admin', '2023-10-19 08:24:09', '', NULL, '用户管理菜单');
INSERT INTO `sys_menu` VALUES (101, '角色管理', 1, 2, '/system/role', '', 'C', '0', '1', 'system:role:view', 'fa fa-user-secret', 'admin', '2023-10-19 08:24:09', '', NULL, '角色管理菜单');
INSERT INTO `sys_menu` VALUES (102, '菜单管理', 1, 3, '/system/menu', '', 'C', '0', '1', 'system:menu:view', 'fa fa-th-list', 'admin', '2023-10-19 08:24:09', '', NULL, '菜单管理菜单');
INSERT INTO `sys_menu` VALUES (103, '部门管理', 1, 4, '/system/dept', '', 'C', '0', '1', 'system:dept:view', 'fa fa-outdent', 'admin', '2023-10-19 08:24:09', '', NULL, '部门管理菜单');
INSERT INTO `sys_menu` VALUES (104, '岗位管理', 1, 5, '/system/post', '', 'C', '0', '1', 'system:post:view', 'fa fa-address-card-o', 'admin', '2023-10-19 08:24:09', '', NULL, '岗位管理菜单');
INSERT INTO `sys_menu` VALUES (105, '字典管理', 1, 6, '/system/dict', '', 'C', '0', '1', 'system:dict:view', 'fa fa-bookmark-o', 'admin', '2023-10-19 08:24:09', '', NULL, '字典管理菜单');
INSERT INTO `sys_menu` VALUES (106, '参数设置', 1, 7, '/system/config', '', 'C', '0', '1', 'system:config:view', 'fa fa-sun-o', 'admin', '2023-10-19 08:24:09', '', NULL, '参数设置菜单');
INSERT INTO `sys_menu` VALUES (107, '通知公告', 1, 8, '/system/notice', '', 'C', '0', '1', 'system:notice:view', 'fa fa-bullhorn', 'admin', '2023-10-19 08:24:09', '', NULL, '通知公告菜单');
INSERT INTO `sys_menu` VALUES (108, '日志管理', 1, 9, '#', '', 'M', '0', '1', '', 'fa fa-pencil-square-o', 'admin', '2023-10-19 08:24:09', '', NULL, '日志管理菜单');
INSERT INTO `sys_menu` VALUES (109, '在线用户', 2, 1, '/monitor/online', '', 'C', '0', '1', 'monitor:online:view', 'fa fa-user-circle', 'admin', '2023-10-19 08:24:09', '', NULL, '在线用户菜单');
INSERT INTO `sys_menu` VALUES (110, '定时任务', 2, 2, '/monitor/job', '', 'C', '0', '1', 'monitor:job:view', 'fa fa-tasks', 'admin', '2023-10-19 08:24:09', '', NULL, '定时任务菜单');
INSERT INTO `sys_menu` VALUES (111, '数据监控', 2, 3, '/monitor/data', '', 'C', '0', '1', 'monitor:data:view', 'fa fa-bug', 'admin', '2023-10-19 08:24:09', '', NULL, '数据监控菜单');
INSERT INTO `sys_menu` VALUES (112, '服务监控', 2, 4, '/monitor/server', '', 'C', '0', '1', 'monitor:server:view', 'fa fa-server', 'admin', '2023-10-19 08:24:09', '', NULL, '服务监控菜单');
INSERT INTO `sys_menu` VALUES (113, '缓存监控', 2, 5, '/monitor/cache', '', 'C', '0', '1', 'monitor:cache:view', 'fa fa-cube', 'admin', '2023-10-19 08:24:09', '', NULL, '缓存监控菜单');
INSERT INTO `sys_menu` VALUES (114, '表单构建', 3, 1, '/tool/build', '', 'C', '0', '1', 'tool:build:view', 'fa fa-wpforms', 'admin', '2023-10-19 08:24:09', '', NULL, '表单构建菜单');
INSERT INTO `sys_menu` VALUES (115, '代码生成', 3, 2, '/tool/gen', '', 'C', '0', '1', 'tool:gen:view', 'fa fa-code', 'admin', '2023-10-19 08:24:09', '', NULL, '代码生成菜单');
INSERT INTO `sys_menu` VALUES (116, '系统接口', 3, 3, '/tool/swagger', '', 'C', '0', '1', 'tool:swagger:view', 'fa fa-gg', 'admin', '2023-10-19 08:24:09', '', NULL, '系统接口菜单');
INSERT INTO `sys_menu` VALUES (500, '操作日志', 108, 1, '/monitor/operlog', '', 'C', '0', '1', 'monitor:operlog:view', 'fa fa-address-book', 'admin', '2023-10-19 08:24:09', '', NULL, '操作日志菜单');
INSERT INTO `sys_menu` VALUES (501, '登录日志', 108, 2, '/monitor/logininfor', '', 'C', '0', '1', 'monitor:logininfor:view', 'fa fa-file-image-o', 'admin', '2023-10-19 08:24:09', '', NULL, '登录日志菜单');
INSERT INTO `sys_menu` VALUES (1000, '用户查询', 100, 1, '#', '', 'F', '0', '1', 'system:user:list', '#', 'admin', '2023-10-19 08:24:09', '', NULL, '');
INSERT INTO `sys_menu` VALUES (1001, '用户新增', 100, 2, '#', '', 'F', '0', '1', 'system:user:add', '#', 'admin', '2023-10-19 08:24:09', '', NULL, '');
INSERT INTO `sys_menu` VALUES (1002, '用户修改', 100, 3, '#', '', 'F', '0', '1', 'system:user:edit', '#', 'admin', '2023-10-19 08:24:09', '', NULL, '');
INSERT INTO `sys_menu` VALUES (1003, '用户删除', 100, 4, '#', '', 'F', '0', '1', 'system:user:remove', '#', 'admin', '2023-10-19 08:24:09', '', NULL, '');
INSERT INTO `sys_menu` VALUES (1004, '用户导出', 100, 5, '#', '', 'F', '0', '1', 'system:user:export', '#', 'admin', '2023-10-19 08:24:09', '', NULL, '');
INSERT INTO `sys_menu` VALUES (1005, '用户导入', 100, 6, '#', '', 'F', '0', '1', 'system:user:import', '#', 'admin', '2023-10-19 08:24:09', '', NULL, '');
INSERT INTO `sys_menu` VALUES (1006, '重置密码', 100, 7, '#', '', 'F', '0', '1', 'system:user:resetPwd', '#', 'admin', '2023-10-19 08:24:09', '', NULL, '');
INSERT INTO `sys_menu` VALUES (1007, '角色查询', 101, 1, '#', '', 'F', '0', '1', 'system:role:list', '#', 'admin', '2023-10-19 08:24:09', '', NULL, '');
INSERT INTO `sys_menu` VALUES (1008, '角色新增', 101, 2, '#', '', 'F', '0', '1', 'system:role:add', '#', 'admin', '2023-10-19 08:24:09', '', NULL, '');
INSERT INTO `sys_menu` VALUES (1009, '角色修改', 101, 3, '#', '', 'F', '0', '1', 'system:role:edit', '#', 'admin', '2023-10-19 08:24:09', '', NULL, '');
INSERT INTO `sys_menu` VALUES (1010, '角色删除', 101, 4, '#', '', 'F', '0', '1', 'system:role:remove', '#', 'admin', '2023-10-19 08:24:09', '', NULL, '');
INSERT INTO `sys_menu` VALUES (1011, '角色导出', 101, 5, '#', '', 'F', '0', '1', 'system:role:export', '#', 'admin', '2023-10-19 08:24:09', '', NULL, '');
INSERT INTO `sys_menu` VALUES (1012, '菜单查询', 102, 1, '#', '', 'F', '0', '1', 'system:menu:list', '#', 'admin', '2023-10-19 08:24:09', '', NULL, '');
INSERT INTO `sys_menu` VALUES (1013, '菜单新增', 102, 2, '#', '', 'F', '0', '1', 'system:menu:add', '#', 'admin', '2023-10-19 08:24:09', '', NULL, '');
INSERT INTO `sys_menu` VALUES (1014, '菜单修改', 102, 3, '#', '', 'F', '0', '1', 'system:menu:edit', '#', 'admin', '2023-10-19 08:24:09', '', NULL, '');
INSERT INTO `sys_menu` VALUES (1015, '菜单删除', 102, 4, '#', '', 'F', '0', '1', 'system:menu:remove', '#', 'admin', '2023-10-19 08:24:09', '', NULL, '');
INSERT INTO `sys_menu` VALUES (1016, '部门查询', 103, 1, '#', '', 'F', '0', '1', 'system:dept:list', '#', 'admin', '2023-10-19 08:24:09', '', NULL, '');
INSERT INTO `sys_menu` VALUES (1017, '部门新增', 103, 2, '#', '', 'F', '0', '1', 'system:dept:add', '#', 'admin', '2023-10-19 08:24:09', '', NULL, '');
INSERT INTO `sys_menu` VALUES (1018, '部门修改', 103, 3, '#', '', 'F', '0', '1', 'system:dept:edit', '#', 'admin', '2023-10-19 08:24:09', '', NULL, '');
INSERT INTO `sys_menu` VALUES (1019, '部门删除', 103, 4, '#', '', 'F', '0', '1', 'system:dept:remove', '#', 'admin', '2023-10-19 08:24:09', '', NULL, '');
INSERT INTO `sys_menu` VALUES (1020, '岗位查询', 104, 1, '#', '', 'F', '0', '1', 'system:post:list', '#', 'admin', '2023-10-19 08:24:09', '', NULL, '');
INSERT INTO `sys_menu` VALUES (1021, '岗位新增', 104, 2, '#', '', 'F', '0', '1', 'system:post:add', '#', 'admin', '2023-10-19 08:24:09', '', NULL, '');
INSERT INTO `sys_menu` VALUES (1022, '岗位修改', 104, 3, '#', '', 'F', '0', '1', 'system:post:edit', '#', 'admin', '2023-10-19 08:24:09', '', NULL, '');
INSERT INTO `sys_menu` VALUES (1023, '岗位删除', 104, 4, '#', '', 'F', '0', '1', 'system:post:remove', '#', 'admin', '2023-10-19 08:24:09', '', NULL, '');
INSERT INTO `sys_menu` VALUES (1024, '岗位导出', 104, 5, '#', '', 'F', '0', '1', 'system:post:export', '#', 'admin', '2023-10-19 08:24:09', '', NULL, '');
INSERT INTO `sys_menu` VALUES (1025, '字典查询', 105, 1, '#', '', 'F', '0', '1', 'system:dict:list', '#', 'admin', '2023-10-19 08:24:09', '', NULL, '');
INSERT INTO `sys_menu` VALUES (1026, '字典新增', 105, 2, '#', '', 'F', '0', '1', 'system:dict:add', '#', 'admin', '2023-10-19 08:24:09', '', NULL, '');
INSERT INTO `sys_menu` VALUES (1027, '字典修改', 105, 3, '#', '', 'F', '0', '1', 'system:dict:edit', '#', 'admin', '2023-10-19 08:24:09', '', NULL, '');
INSERT INTO `sys_menu` VALUES (1028, '字典删除', 105, 4, '#', '', 'F', '0', '1', 'system:dict:remove', '#', 'admin', '2023-10-19 08:24:09', '', NULL, '');
INSERT INTO `sys_menu` VALUES (1029, '字典导出', 105, 5, '#', '', 'F', '0', '1', 'system:dict:export', '#', 'admin', '2023-10-19 08:24:09', '', NULL, '');
INSERT INTO `sys_menu` VALUES (1030, '参数查询', 106, 1, '#', '', 'F', '0', '1', 'system:config:list', '#', 'admin', '2023-10-19 08:24:09', '', NULL, '');
INSERT INTO `sys_menu` VALUES (1031, '参数新增', 106, 2, '#', '', 'F', '0', '1', 'system:config:add', '#', 'admin', '2023-10-19 08:24:09', '', NULL, '');
INSERT INTO `sys_menu` VALUES (1032, '参数修改', 106, 3, '#', '', 'F', '0', '1', 'system:config:edit', '#', 'admin', '2023-10-19 08:24:09', '', NULL, '');
INSERT INTO `sys_menu` VALUES (1033, '参数删除', 106, 4, '#', '', 'F', '0', '1', 'system:config:remove', '#', 'admin', '2023-10-19 08:24:09', '', NULL, '');
INSERT INTO `sys_menu` VALUES (1034, '参数导出', 106, 5, '#', '', 'F', '0', '1', 'system:config:export', '#', 'admin', '2023-10-19 08:24:09', '', NULL, '');
INSERT INTO `sys_menu` VALUES (1035, '公告查询', 107, 1, '#', '', 'F', '0', '1', 'system:notice:list', '#', 'admin', '2023-10-19 08:24:09', '', NULL, '');
INSERT INTO `sys_menu` VALUES (1036, '公告新增', 107, 2, '#', '', 'F', '0', '1', 'system:notice:add', '#', 'admin', '2023-10-19 08:24:09', '', NULL, '');
INSERT INTO `sys_menu` VALUES (1037, '公告修改', 107, 3, '#', '', 'F', '0', '1', 'system:notice:edit', '#', 'admin', '2023-10-19 08:24:09', '', NULL, '');
INSERT INTO `sys_menu` VALUES (1038, '公告删除', 107, 4, '#', '', 'F', '0', '1', 'system:notice:remove', '#', 'admin', '2023-10-19 08:24:09', '', NULL, '');
INSERT INTO `sys_menu` VALUES (1039, '操作查询', 500, 1, '#', '', 'F', '0', '1', 'monitor:operlog:list', '#', 'admin', '2023-10-19 08:24:09', '', NULL, '');
INSERT INTO `sys_menu` VALUES (1040, '操作删除', 500, 2, '#', '', 'F', '0', '1', 'monitor:operlog:remove', '#', 'admin', '2023-10-19 08:24:09', '', NULL, '');
INSERT INTO `sys_menu` VALUES (1041, '详细信息', 500, 3, '#', '', 'F', '0', '1', 'monitor:operlog:detail', '#', 'admin', '2023-10-19 08:24:09', '', NULL, '');
INSERT INTO `sys_menu` VALUES (1042, '日志导出', 500, 4, '#', '', 'F', '0', '1', 'monitor:operlog:export', '#', 'admin', '2023-10-19 08:24:09', '', NULL, '');
INSERT INTO `sys_menu` VALUES (1043, '登录查询', 501, 1, '#', '', 'F', '0', '1', 'monitor:logininfor:list', '#', 'admin', '2023-10-19 08:24:09', '', NULL, '');
INSERT INTO `sys_menu` VALUES (1044, '登录删除', 501, 2, '#', '', 'F', '0', '1', 'monitor:logininfor:remove', '#', 'admin', '2023-10-19 08:24:09', '', NULL, '');
INSERT INTO `sys_menu` VALUES (1045, '日志导出', 501, 3, '#', '', 'F', '0', '1', 'monitor:logininfor:export', '#', 'admin', '2023-10-19 08:24:09', '', NULL, '');
INSERT INTO `sys_menu` VALUES (1046, '账户解锁', 501, 4, '#', '', 'F', '0', '1', 'monitor:logininfor:unlock', '#', 'admin', '2023-10-19 08:24:09', '', NULL, '');
INSERT INTO `sys_menu` VALUES (1047, '在线查询', 109, 1, '#', '', 'F', '0', '1', 'monitor:online:list', '#', 'admin', '2023-10-19 08:24:09', '', NULL, '');
INSERT INTO `sys_menu` VALUES (1048, '批量强退', 109, 2, '#', '', 'F', '0', '1', 'monitor:online:batchForceLogout', '#', 'admin', '2023-10-19 08:24:09', '', NULL, '');
INSERT INTO `sys_menu` VALUES (1049, '单条强退', 109, 3, '#', '', 'F', '0', '1', 'monitor:online:forceLogout', '#', 'admin', '2023-10-19 08:24:09', '', NULL, '');
INSERT INTO `sys_menu` VALUES (1050, '任务查询', 110, 1, '#', '', 'F', '0', '1', 'monitor:job:list', '#', 'admin', '2023-10-19 08:24:09', '', NULL, '');
INSERT INTO `sys_menu` VALUES (1051, '任务新增', 110, 2, '#', '', 'F', '0', '1', 'monitor:job:add', '#', 'admin', '2023-10-19 08:24:09', '', NULL, '');
INSERT INTO `sys_menu` VALUES (1052, '任务修改', 110, 3, '#', '', 'F', '0', '1', 'monitor:job:edit', '#', 'admin', '2023-10-19 08:24:09', '', NULL, '');
INSERT INTO `sys_menu` VALUES (1053, '任务删除', 110, 4, '#', '', 'F', '0', '1', 'monitor:job:remove', '#', 'admin', '2023-10-19 08:24:09', '', NULL, '');
INSERT INTO `sys_menu` VALUES (1054, '状态修改', 110, 5, '#', '', 'F', '0', '1', 'monitor:job:changeStatus', '#', 'admin', '2023-10-19 08:24:09', '', NULL, '');
INSERT INTO `sys_menu` VALUES (1055, '任务详细', 110, 6, '#', '', 'F', '0', '1', 'monitor:job:detail', '#', 'admin', '2023-10-19 08:24:09', '', NULL, '');
INSERT INTO `sys_menu` VALUES (1056, '任务导出', 110, 7, '#', '', 'F', '0', '1', 'monitor:job:export', '#', 'admin', '2023-10-19 08:24:09', '', NULL, '');
INSERT INTO `sys_menu` VALUES (1057, '生成查询', 115, 1, '#', '', 'F', '0', '1', 'tool:gen:list', '#', 'admin', '2023-10-19 08:24:09', '', NULL, '');
INSERT INTO `sys_menu` VALUES (1058, '生成修改', 115, 2, '#', '', 'F', '0', '1', 'tool:gen:edit', '#', 'admin', '2023-10-19 08:24:09', '', NULL, '');
INSERT INTO `sys_menu` VALUES (1059, '生成删除', 115, 3, '#', '', 'F', '0', '1', 'tool:gen:remove', '#', 'admin', '2023-10-19 08:24:09', '', NULL, '');
INSERT INTO `sys_menu` VALUES (1060, '预览代码', 115, 4, '#', '', 'F', '0', '1', 'tool:gen:preview', '#', 'admin', '2023-10-19 08:24:09', '', NULL, '');
INSERT INTO `sys_menu` VALUES (1061, '生成代码', 115, 5, '#', '', 'F', '0', '1', 'tool:gen:code', '#', 'admin', '2023-10-19 08:24:09', '', NULL, '');
INSERT INTO `sys_menu` VALUES (2000, '拉流转推', 2006, 1, '/system/chat', 'menuItem', 'C', '0', '1', 'system:chat:view', '#', 'admin', '2023-10-19 08:39:06', 'admin', '2023-10-19 08:42:52', '【请填写功能名称】菜单');
INSERT INTO `sys_menu` VALUES (2001, '【请填写功能名称】查询', 2000, 1, '#', '', 'F', '0', '1', 'system:chat:list', '#', 'admin', '2023-10-19 08:39:06', '', NULL, '');
INSERT INTO `sys_menu` VALUES (2002, '【请填写功能名称】新增', 2000, 2, '#', '', 'F', '0', '1', 'system:chat:add', '#', 'admin', '2023-10-19 08:39:06', '', NULL, '');
INSERT INTO `sys_menu` VALUES (2003, '【请填写功能名称】修改', 2000, 3, '#', '', 'F', '0', '1', 'system:chat:edit', '#', 'admin', '2023-10-19 08:39:06', '', NULL, '');
INSERT INTO `sys_menu` VALUES (2004, '【请填写功能名称】删除', 2000, 4, '#', '', 'F', '0', '1', 'system:chat:remove', '#', 'admin', '2023-10-19 08:39:06', '', NULL, '');
INSERT INTO `sys_menu` VALUES (2005, '【请填写功能名称】导出', 2000, 5, '#', '', 'F', '0', '1', 'system:chat:export', '#', 'admin', '2023-10-19 08:39:06', '', NULL, '');
INSERT INTO `sys_menu` VALUES (2006, '赛事纸飞机', 0, 1, '#', 'menuItem', 'M', '0', '1', NULL, 'fa fa-at', 'admin', '2023-10-19 08:42:31', '', NULL, '');
INSERT INTO `sys_menu` VALUES (2007, '赛事赛程', 2006, 7, '/system/game', 'menuItem', 'C', '0', '1', 'system:game:view', '#', 'admin', '2023-10-23 18:09:00', 'admin', '2023-10-23 18:15:28', '赛事赛程菜单');
INSERT INTO `sys_menu` VALUES (2008, '赛事赛程查询', 2007, 1, '#', '', 'F', '0', '1', 'system:game:list', '#', 'admin', '2023-10-23 18:09:00', '', NULL, '');
INSERT INTO `sys_menu` VALUES (2009, '赛事赛程新增', 2007, 2, '#', '', 'F', '0', '1', 'system:game:add', '#', 'admin', '2023-10-23 18:09:00', '', NULL, '');
INSERT INTO `sys_menu` VALUES (2010, '赛事赛程修改', 2007, 3, '#', '', 'F', '0', '1', 'system:game:edit', '#', 'admin', '2023-10-23 18:09:00', '', NULL, '');
INSERT INTO `sys_menu` VALUES (2011, '赛事赛程删除', 2007, 4, '#', '', 'F', '0', '1', 'system:game:remove', '#', 'admin', '2023-10-23 18:09:00', '', NULL, '');
INSERT INTO `sys_menu` VALUES (2012, '赛事赛程导出', 2007, 5, '#', '', 'F', '0', '1', 'system:game:export', '#', 'admin', '2023-10-23 18:09:00', '', NULL, '');
INSERT INTO `sys_menu` VALUES (2013, '联赛', 2006, 1, '/system/league', '', 'C', '0', '1', 'system:league:view', '#', 'admin', '2023-10-23 18:09:06', '', NULL, '联赛菜单');
INSERT INTO `sys_menu` VALUES (2014, '联赛查询', 2013, 1, '#', '', 'F', '0', '1', 'system:league:list', '#', 'admin', '2023-10-23 18:09:06', '', NULL, '');
INSERT INTO `sys_menu` VALUES (2015, '联赛新增', 2013, 2, '#', '', 'F', '0', '1', 'system:league:add', '#', 'admin', '2023-10-23 18:09:06', '', NULL, '');
INSERT INTO `sys_menu` VALUES (2016, '联赛修改', 2013, 3, '#', '', 'F', '0', '1', 'system:league:edit', '#', 'admin', '2023-10-23 18:09:06', '', NULL, '');
INSERT INTO `sys_menu` VALUES (2017, '联赛删除', 2013, 4, '#', '', 'F', '0', '1', 'system:league:remove', '#', 'admin', '2023-10-23 18:09:06', '', NULL, '');
INSERT INTO `sys_menu` VALUES (2018, '联赛导出', 2013, 5, '#', '', 'F', '0', '1', 'system:league:export', '#', 'admin', '2023-10-23 18:09:06', '', NULL, '');
INSERT INTO `sys_menu` VALUES (2019, '球员', 2006, 5, '/system/player', 'menuItem', 'C', '0', '1', 'system:player:view', '#', 'admin', '2023-10-23 18:09:11', 'admin', '2023-10-23 18:15:52', '球员菜单');
INSERT INTO `sys_menu` VALUES (2020, '球员查询', 2019, 1, '#', '', 'F', '0', '1', 'system:player:list', '#', 'admin', '2023-10-23 18:09:11', '', NULL, '');
INSERT INTO `sys_menu` VALUES (2021, '球员新增', 2019, 2, '#', '', 'F', '0', '1', 'system:player:add', '#', 'admin', '2023-10-23 18:09:11', '', NULL, '');
INSERT INTO `sys_menu` VALUES (2022, '球员修改', 2019, 3, '#', '', 'F', '0', '1', 'system:player:edit', '#', 'admin', '2023-10-23 18:09:11', '', NULL, '');
INSERT INTO `sys_menu` VALUES (2023, '球员删除', 2019, 4, '#', '', 'F', '0', '1', 'system:player:remove', '#', 'admin', '2023-10-23 18:09:11', '', NULL, '');
INSERT INTO `sys_menu` VALUES (2024, '球员导出', 2019, 5, '#', '', 'F', '0', '1', 'system:player:export', '#', 'admin', '2023-10-23 18:09:11', '', NULL, '');
INSERT INTO `sys_menu` VALUES (2025, '赛事线路', 2006, 6, '/system/stream', 'menuItem', 'C', '0', '1', 'system:stream:view', '#', 'admin', '2023-10-23 18:09:16', 'admin', '2023-10-23 18:15:40', '赛事线路菜单');
INSERT INTO `sys_menu` VALUES (2026, '赛事线路查询', 2025, 1, '#', '', 'F', '0', '1', 'system:stream:list', '#', 'admin', '2023-10-23 18:09:16', '', NULL, '');
INSERT INTO `sys_menu` VALUES (2027, '赛事线路新增', 2025, 2, '#', '', 'F', '0', '1', 'system:stream:add', '#', 'admin', '2023-10-23 18:09:16', '', NULL, '');
INSERT INTO `sys_menu` VALUES (2028, '赛事线路修改', 2025, 3, '#', '', 'F', '0', '1', 'system:stream:edit', '#', 'admin', '2023-10-23 18:09:16', '', NULL, '');
INSERT INTO `sys_menu` VALUES (2029, '赛事线路删除', 2025, 4, '#', '', 'F', '0', '1', 'system:stream:remove', '#', 'admin', '2023-10-23 18:09:16', '', NULL, '');
INSERT INTO `sys_menu` VALUES (2030, '赛事线路导出', 2025, 5, '#', '', 'F', '0', '1', 'system:stream:export', '#', 'admin', '2023-10-23 18:09:16', '', NULL, '');
INSERT INTO `sys_menu` VALUES (2031, '球队', 2006, 1, '/system/team', '', 'C', '0', '1', 'system:team:view', '#', 'admin', '2023-10-23 18:09:21', '', NULL, '球队菜单');
INSERT INTO `sys_menu` VALUES (2032, '球队查询', 2031, 1, '#', '', 'F', '0', '1', 'system:team:list', '#', 'admin', '2023-10-23 18:09:21', '', NULL, '');
INSERT INTO `sys_menu` VALUES (2033, '球队新增', 2031, 2, '#', '', 'F', '0', '1', 'system:team:add', '#', 'admin', '2023-10-23 18:09:21', '', NULL, '');
INSERT INTO `sys_menu` VALUES (2034, '球队修改', 2031, 3, '#', '', 'F', '0', '1', 'system:team:edit', '#', 'admin', '2023-10-23 18:09:21', '', NULL, '');
INSERT INTO `sys_menu` VALUES (2035, '球队删除', 2031, 4, '#', '', 'F', '0', '1', 'system:team:remove', '#', 'admin', '2023-10-23 18:09:21', '', NULL, '');
INSERT INTO `sys_menu` VALUES (2036, '球队导出', 2031, 5, '#', '', 'F', '0', '1', 'system:team:export', '#', 'admin', '2023-10-23 18:09:21', '', NULL, '');

-- ----------------------------
-- Table structure for sys_notice
-- ----------------------------
DROP TABLE IF EXISTS `sys_notice`;
CREATE TABLE `sys_notice`  (
  `notice_id` int NOT NULL AUTO_INCREMENT COMMENT '公告ID',
  `notice_title` varchar(50) CHARACTER SET utf8mb4 COLLATE utf8mb4_0900_ai_ci NOT NULL COMMENT '公告标题',
  `notice_type` char(1) CHARACTER SET utf8mb4 COLLATE utf8mb4_0900_ai_ci NOT NULL COMMENT '公告类型（1通知 2公告）',
  `notice_content` varchar(2000) CHARACTER SET utf8mb4 COLLATE utf8mb4_0900_ai_ci NULL DEFAULT NULL COMMENT '公告内容',
  `status` char(1) CHARACTER SET utf8mb4 COLLATE utf8mb4_0900_ai_ci NULL DEFAULT '0' COMMENT '公告状态（0正常 1关闭）',
  `create_by` varchar(64) CHARACTER SET utf8mb4 COLLATE utf8mb4_0900_ai_ci NULL DEFAULT '' COMMENT '创建者',
  `create_time` datetime NULL DEFAULT NULL COMMENT '创建时间',
  `update_by` varchar(64) CHARACTER SET utf8mb4 COLLATE utf8mb4_0900_ai_ci NULL DEFAULT '' COMMENT '更新者',
  `update_time` datetime NULL DEFAULT NULL COMMENT '更新时间',
  `remark` varchar(255) CHARACTER SET utf8mb4 COLLATE utf8mb4_0900_ai_ci NULL DEFAULT NULL COMMENT '备注',
  PRIMARY KEY (`notice_id`) USING BTREE
) ENGINE = InnoDB AUTO_INCREMENT = 10 CHARACTER SET = utf8mb4 COLLATE = utf8mb4_0900_ai_ci COMMENT = '通知公告表' ROW_FORMAT = Dynamic;

-- ----------------------------
-- Records of sys_notice
-- ----------------------------
INSERT INTO `sys_notice` VALUES (1, '温馨提醒：2018-07-01 若依新版本发布啦', '2', '新版本内容', '0', 'admin', '2023-10-19 08:24:10', '', NULL, '管理员');
INSERT INTO `sys_notice` VALUES (2, '维护通知：2018-07-01 若依系统凌晨维护', '1', '维护内容', '0', 'admin', '2023-10-19 08:24:10', '', NULL, '管理员');

-- ----------------------------
-- Table structure for sys_oper_log
-- ----------------------------
DROP TABLE IF EXISTS `sys_oper_log`;
CREATE TABLE `sys_oper_log`  (
  `oper_id` bigint NOT NULL AUTO_INCREMENT COMMENT '日志主键',
  `title` varchar(50) CHARACTER SET utf8mb4 COLLATE utf8mb4_0900_ai_ci NULL DEFAULT '' COMMENT '模块标题',
  `business_type` int NULL DEFAULT 0 COMMENT '业务类型（0其它 1新增 2修改 3删除）',
  `method` varchar(100) CHARACTER SET utf8mb4 COLLATE utf8mb4_0900_ai_ci NULL DEFAULT '' COMMENT '方法名称',
  `request_method` varchar(10) CHARACTER SET utf8mb4 COLLATE utf8mb4_0900_ai_ci NULL DEFAULT '' COMMENT '请求方式',
  `operator_type` int NULL DEFAULT 0 COMMENT '操作类别（0其它 1后台用户 2手机端用户）',
  `oper_name` varchar(50) CHARACTER SET utf8mb4 COLLATE utf8mb4_0900_ai_ci NULL DEFAULT '' COMMENT '操作人员',
  `dept_name` varchar(50) CHARACTER SET utf8mb4 COLLATE utf8mb4_0900_ai_ci NULL DEFAULT '' COMMENT '部门名称',
  `oper_url` varchar(255) CHARACTER SET utf8mb4 COLLATE utf8mb4_0900_ai_ci NULL DEFAULT '' COMMENT '请求URL',
  `oper_ip` varchar(128) CHARACTER SET utf8mb4 COLLATE utf8mb4_0900_ai_ci NULL DEFAULT '' COMMENT '主机地址',
  `oper_location` varchar(255) CHARACTER SET utf8mb4 COLLATE utf8mb4_0900_ai_ci NULL DEFAULT '' COMMENT '操作地点',
  `oper_param` varchar(2000) CHARACTER SET utf8mb4 COLLATE utf8mb4_0900_ai_ci NULL DEFAULT '' COMMENT '请求参数',
  `json_result` varchar(2000) CHARACTER SET utf8mb4 COLLATE utf8mb4_0900_ai_ci NULL DEFAULT '' COMMENT '返回参数',
  `status` int NULL DEFAULT 0 COMMENT '操作状态（0正常 1异常）',
  `error_msg` varchar(2000) CHARACTER SET utf8mb4 COLLATE utf8mb4_0900_ai_ci NULL DEFAULT '' COMMENT '错误消息',
  `oper_time` datetime NULL DEFAULT NULL COMMENT '操作时间',
  `cost_time` bigint NULL DEFAULT 0 COMMENT '消耗时间',
  PRIMARY KEY (`oper_id`) USING BTREE,
  INDEX `idx_sys_oper_log_bt`(`business_type` ASC) USING BTREE,
  INDEX `idx_sys_oper_log_s`(`status` ASC) USING BTREE,
  INDEX `idx_sys_oper_log_ot`(`oper_time` ASC) USING BTREE
) ENGINE = InnoDB AUTO_INCREMENT = 146 CHARACTER SET = utf8mb4 COLLATE = utf8mb4_0900_ai_ci COMMENT = '操作日志记录' ROW_FORMAT = Dynamic;

-- ----------------------------
-- Records of sys_oper_log
-- ----------------------------
INSERT INTO `sys_oper_log` VALUES (100, '代码生成', 6, 'com.ruoyi.generator.controller.GenController.importTableSave()', 'POST', 1, 'admin', '研发部门', '/tool/gen/importTable', '127.0.0.1', '内网IP', '{\"tables\":[\"tl_chat\"]}', '{\"msg\":\"操作成功\",\"code\":0}', 0, NULL, '2023-10-19 08:38:31', 120);
INSERT INTO `sys_oper_log` VALUES (101, '代码生成', 8, 'com.ruoyi.generator.controller.GenController.download()', 'GET', 1, 'admin', '研发部门', '/tool/gen/download/tl_chat', '127.0.0.1', '内网IP', '\"tl_chat\"', NULL, 0, NULL, '2023-10-19 08:38:40', 347);
INSERT INTO `sys_oper_log` VALUES (102, '菜单管理', 2, 'com.ruoyi.web.controller.system.SysMenuController.editSave()', 'POST', 1, 'admin', '研发部门', '/system/menu/edit', '127.0.0.1', '内网IP', '{\"menuId\":[\"2000\"],\"parentId\":[\"3\"],\"menuType\":[\"C\"],\"menuName\":[\"拉流转推\"],\"url\":[\"/system/chat\"],\"target\":[\"menuItem\"],\"perms\":[\"system:chat:view\"],\"orderNum\":[\"1\"],\"icon\":[\"#\"],\"visible\":[\"0\"],\"isRefresh\":[\"1\"]}', '{\"msg\":\"操作成功\",\"code\":0}', 0, NULL, '2023-10-19 08:39:50', 34);
INSERT INTO `sys_oper_log` VALUES (103, '菜单管理', 1, 'com.ruoyi.web.controller.system.SysMenuController.addSave()', 'POST', 1, 'admin', '研发部门', '/system/menu/add', '127.0.0.1', '内网IP', '{\"parentId\":[\"0\"],\"menuType\":[\"M\"],\"menuName\":[\"赛事纸飞机\"],\"url\":[\"\"],\"target\":[\"menuItem\"],\"perms\":[\"\"],\"orderNum\":[\"1\"],\"icon\":[\"fa fa-at\"],\"visible\":[\"0\"],\"isRefresh\":[\"1\"]}', '{\"msg\":\"操作成功\",\"code\":0}', 0, NULL, '2023-10-19 08:42:31', 12);
INSERT INTO `sys_oper_log` VALUES (104, '菜单管理', 2, 'com.ruoyi.web.controller.system.SysMenuController.editSave()', 'POST', 1, 'admin', '研发部门', '/system/menu/edit', '127.0.0.1', '内网IP', '{\"menuId\":[\"2000\"],\"parentId\":[\"2006\"],\"menuType\":[\"C\"],\"menuName\":[\"拉流转推\"],\"url\":[\"/system/chat\"],\"target\":[\"menuItem\"],\"perms\":[\"system:chat:view\"],\"orderNum\":[\"1\"],\"icon\":[\"#\"],\"visible\":[\"0\"],\"isRefresh\":[\"1\"]}', '{\"msg\":\"操作成功\",\"code\":0}', 0, NULL, '2023-10-19 08:42:52', 15);
INSERT INTO `sys_oper_log` VALUES (105, '角色管理', 1, 'com.ruoyi.web.controller.system.SysRoleController.addSave()', 'POST', 1, 'admin', '研发部门', '/system/role/add', '127.0.0.1', '内网IP', '{\"roleName\":[\"telegram\"],\"roleKey\":[\"telegram\"],\"roleSort\":[\"3\"],\"status\":[\"0\"],\"remark\":[\"\"],\"menuIds\":[\"2006,2000,2001,2002,2003,2004,2005\"]}', '{\"msg\":\"操作成功\",\"code\":0}', 0, NULL, '2023-10-19 08:43:45', 18);
INSERT INTO `sys_oper_log` VALUES (106, '用户管理', 1, 'com.ruoyi.web.controller.system.SysUserController.addSave()', 'POST', 1, 'admin', '研发部门', '/system/user/add', '127.0.0.1', '内网IP', '{\"deptId\":[\"\"],\"userName\":[\"陈文杰\"],\"deptName\":[\"\"],\"phonenumber\":[\"15027203888\"],\"email\":[\"\"],\"loginName\":[\"chenwj\"],\"sex\":[\"0\"],\"role\":[\"100\"],\"remark\":[\"\"],\"status\":[\"0\"],\"roleIds\":[\"100\"],\"postIds\":[\"\"]}', '{\"msg\":\"操作成功\",\"code\":0}', 0, NULL, '2023-10-19 08:44:43', 20);
INSERT INTO `sys_oper_log` VALUES (107, '电报-会话', 1, 'com.ruoyi.web.controller.system.TlChatController.addSave()', 'POST', 1, 'chenwj', NULL, '/system/chat/add', '127.0.0.1', '内网IP', '{\"chatName\":[\"coffee tea\"],\"streamUrl\":[\"rtmps://dc5-1.rtmp.t.me/s/1970943417:doAo2Ia2i8kdhikxb-vcNg\"],\"streamSrc\":[\"rtmp://ns8.indexforce.com/home/mystream\"]}', NULL, 1, '\r\n### Error updating database.  Cause: java.sql.SQLSyntaxErrorException: Unknown column \'chat_name\' in \'field list\'\r\n### The error may exist in file [D:\\Projects\\telegram\\ruoyi-system\\target\\classes\\mapper\\system\\TlChatMapper.xml]\r\n### The error may involve com.ruoyi.system.mapper.TlChatMapper.insertTlChat-Inline\r\n### The error occurred while setting parameters\r\n### SQL: insert into tl_chat          ( chat_name,                          stream_url,             stream_src )           values ( ?,                          ?,             ? )\r\n### Cause: java.sql.SQLSyntaxErrorException: Unknown column \'chat_name\' in \'field list\'\n; bad SQL grammar []; nested exception is java.sql.SQLSyntaxErrorException: Unknown column \'chat_name\' in \'field list\'', '2023-10-19 08:45:41', 60);
INSERT INTO `sys_oper_log` VALUES (108, '电报-会话', 1, 'com.ruoyi.web.controller.system.TlChatController.addSave()', 'POST', 1, 'chenwj', NULL, '/system/chat/add', '127.0.0.1', '内网IP', '{\"chatName\":[\"coffee tea\"],\"streamUrl\":[\"rtmps://dc5-1.rtmp.t.me/s/1970943417:doAo2Ia2i8kdhikxb-vcNg\"],\"streamSrc\":[\"rtmp://ns8.indexforce.com/home/mystream\"]}', '{\"msg\":\"操作成功\",\"code\":0}', 0, NULL, '2023-10-19 08:45:58', 6);
INSERT INTO `sys_oper_log` VALUES (109, '启动会话推流', 0, 'com.ruoyi.web.controller.system.TlChatController.pushStreamStart()', 'POST', 1, 'chenwj', NULL, '/system/chat/pushStreamStart', '127.0.0.1', '内网IP', '{\"id\":[\"1\"]}', '{\"msg\":\"操作成功\",\"code\":0}', 0, NULL, '2023-10-19 09:02:56', 73);
INSERT INTO `sys_oper_log` VALUES (110, '启动会话推流', 0, 'com.ruoyi.web.controller.system.TlChatController.pushStreamStart()', 'POST', 1, 'chenwj', NULL, '/system/chat/pushStreamStart', '127.0.0.1', '内网IP', '{\"id\":[\"1\"]}', '{\"msg\":\"操作成功\",\"code\":0}', 0, NULL, '2023-10-19 09:23:20', 106);
INSERT INTO `sys_oper_log` VALUES (111, '启动会话推流', 0, 'com.ruoyi.web.controller.system.TlChatController.pushStreamStart()', 'POST', 1, 'chenwj', NULL, '/system/chat/pushStreamStart', '127.0.0.1', '内网IP', '{\"id\":[\"1\"]}', '{\"msg\":\"操作成功\",\"code\":0}', 0, NULL, '2023-10-19 09:28:35', 77);
INSERT INTO `sys_oper_log` VALUES (112, '启动会话推流', 0, 'com.ruoyi.web.controller.system.TlChatController.pushStreamStart()', 'POST', 1, 'chenwj', NULL, '/system/chat/pushStreamStart', '127.0.0.1', '内网IP', '{\"id\":[\"1\"]}', '{\"msg\":\"操作成功\",\"code\":0}', 0, NULL, '2023-10-19 09:34:17', 70);
INSERT INTO `sys_oper_log` VALUES (113, '启动会话推流', 0, 'com.ruoyi.web.controller.system.TlChatController.pushStreamStart()', 'POST', 1, 'chenwj', NULL, '/system/chat/pushStreamStart', '127.0.0.1', '内网IP', '{\"id\":[\"1\"]}', '{\"msg\":\"操作成功\",\"code\":0}', 0, NULL, '2023-10-19 09:35:02', 13);
INSERT INTO `sys_oper_log` VALUES (114, '启动会话推流', 0, 'com.ruoyi.web.controller.system.TlChatController.pushStreamStart()', 'POST', 1, 'admin', '研发部门', '/system/chat/pushStreamStart', '127.0.0.1', '内网IP', '{\"id\":[\"1\"]}', '{\"msg\":\"操作成功\",\"code\":0}', 0, NULL, '2023-10-19 09:36:33', 84);
INSERT INTO `sys_oper_log` VALUES (115, '启动会话推流', 0, 'com.ruoyi.web.controller.system.TlChatController.pushStreamStart()', 'POST', 1, 'admin', '研发部门', '/system/chat/pushStreamStart', '127.0.0.1', '内网IP', '{\"id\":[\"1\"]}', '{\"msg\":\"操作成功\",\"code\":0}', 0, NULL, '2023-10-19 09:37:14', 6);
INSERT INTO `sys_oper_log` VALUES (116, '启动会话推流', 0, 'com.ruoyi.web.controller.system.TlChatController.pushStreamStart()', 'POST', 1, 'admin', '研发部门', '/system/chat/pushStreamStart', '127.0.0.1', '内网IP', '{\"id\":[\"1\"]}', '{\"msg\":\"操作成功\",\"code\":0}', 0, NULL, '2023-10-19 09:40:46', 17);
INSERT INTO `sys_oper_log` VALUES (117, '定时任务', 1, 'com.ruoyi.quartz.controller.SysJobController.addSave()', 'POST', 1, 'admin', '研发部门', '/monitor/job/add', '127.0.0.1', '内网IP', '{\"createBy\":[\"admin\"],\"jobName\":[\"自动推拉流任务\"],\"jobGroup\":[\"DEFAULT\"],\"invokeTarget\":[\"com.ruoyi.system.service.impl.TlChatServiceImpl.autoPushStream\"],\"cronExpression\":[\"0/10 * * * * ?\"],\"misfirePolicy\":[\"3\"],\"concurrent\":[\"1\"],\"remark\":[\"\"]}', '{\"msg\":\"操作成功\",\"code\":0}', 0, NULL, '2023-10-19 09:55:30', 22);
INSERT INTO `sys_oper_log` VALUES (118, '定时任务', 2, 'com.ruoyi.quartz.controller.SysJobController.editSave()', 'POST', 1, 'admin', '研发部门', '/monitor/job/edit', '127.0.0.1', '内网IP', '{\"jobId\":[\"100\"],\"updateBy\":[\"admin\"],\"jobName\":[\"自动推拉流任务\"],\"jobGroup\":[\"DEFAULT\"],\"invokeTarget\":[\"com.ruoyi.system.service.impl.TlChatServiceImpl.autoPushStream\"],\"cronExpression\":[\"0/10 * * * * ?\"],\"misfirePolicy\":[\"1\"],\"concurrent\":[\"1\"],\"status\":[\"1\"],\"remark\":[\"\"]}', '{\"msg\":\"操作成功\",\"code\":0}', 0, NULL, '2023-10-19 09:55:42', 13);
INSERT INTO `sys_oper_log` VALUES (119, '定时任务', 2, 'com.ruoyi.quartz.controller.SysJobController.changeStatus()', 'POST', 1, 'admin', '研发部门', '/monitor/job/changeStatus', '127.0.0.1', '内网IP', '{\"jobId\":[\"100\"],\"jobGroup\":[\"DEFAULT\"],\"status\":[\"0\"]}', '{\"msg\":\"操作成功\",\"code\":0}', 0, NULL, '2023-10-19 09:56:15', 6);
INSERT INTO `sys_oper_log` VALUES (120, '定时任务', 2, 'com.ruoyi.quartz.controller.SysJobController.run()', 'POST', 1, 'admin', '研发部门', '/monitor/job/run', '127.0.0.1', '内网IP', '{\"jobId\":[\"100\"]}', '{\"msg\":\"操作成功\",\"code\":0}', 0, NULL, '2023-10-19 09:56:19', 4);
INSERT INTO `sys_oper_log` VALUES (121, '定时任务', 2, 'com.ruoyi.quartz.controller.SysJobController.run()', 'POST', 1, 'admin', '研发部门', '/monitor/job/run', '127.0.0.1', '内网IP', '{\"jobId\":[\"100\"]}', '{\"msg\":\"操作成功\",\"code\":0}', 0, NULL, '2023-10-19 10:07:03', 44);
INSERT INTO `sys_oper_log` VALUES (122, '定时任务', 2, 'com.ruoyi.quartz.controller.SysJobController.run()', 'POST', 1, 'admin', '研发部门', '/monitor/job/run', '127.0.0.1', '内网IP', '{\"jobId\":[\"100\"]}', '{\"msg\":\"操作成功\",\"code\":0}', 0, NULL, '2023-10-19 10:10:26', 530);
INSERT INTO `sys_oper_log` VALUES (123, '定时任务', 2, 'com.ruoyi.quartz.controller.SysJobController.run()', 'POST', 1, 'admin', '研发部门', '/monitor/job/run', '127.0.0.1', '内网IP', '{\"jobId\":[\"100\"]}', '{\"msg\":\"操作成功\",\"code\":0}', 0, NULL, '2023-10-19 10:12:41', 7);
INSERT INTO `sys_oper_log` VALUES (124, '定时任务', 2, 'com.ruoyi.quartz.controller.SysJobController.run()', 'POST', 1, 'admin', '研发部门', '/monitor/job/run', '127.0.0.1', '内网IP', '{\"jobId\":[\"100\"]}', '{\"msg\":\"操作成功\",\"code\":0}', 0, NULL, '2023-10-19 10:22:09', 4);
INSERT INTO `sys_oper_log` VALUES (125, '启动会话推流', 0, 'com.ruoyi.web.controller.system.TlChatController.pushStreamStart()', 'POST', 1, 'admin', '研发部门', '/system/chat/pushStreamStart', '127.0.0.1', '内网IP', '{\"id\":[\"1\"]}', '{\"msg\":\"操作成功\",\"code\":0}', 0, NULL, '2023-10-19 15:28:27', 68);
INSERT INTO `sys_oper_log` VALUES (126, '启动会话推流', 0, 'com.ruoyi.web.controller.system.TlChatController.pushStreamStart()', 'POST', 1, 'admin', '研发部门', '/system/chat/pushStreamStart', '127.0.0.1', '内网IP', '{\"id\":[\"1\"]}', '{\"msg\":\"操作成功\",\"code\":0}', 0, NULL, '2023-10-19 15:31:44', 93);
INSERT INTO `sys_oper_log` VALUES (127, '启动会话推流', 0, 'com.ruoyi.web.controller.system.TlChatController.pushStreamStart()', 'POST', 1, 'admin', '研发部门', '/system/chat/pushStreamStart', '127.0.0.1', '内网IP', '{\"id\":[\"1\"]}', '{\"msg\":\"操作成功\",\"code\":0}', 0, NULL, '2023-10-19 15:34:13', 8);
INSERT INTO `sys_oper_log` VALUES (128, '启动会话推流', 0, 'com.ruoyi.web.controller.system.TlChatController.pushStreamStart()', 'POST', 1, 'admin', '研发部门', '/system/chat/pushStreamStart', '127.0.0.1', '内网IP', '{\"id\":[\"1\"]}', '{\"msg\":\"操作成功\",\"code\":0}', 0, NULL, '2023-10-19 15:34:29', 11);
INSERT INTO `sys_oper_log` VALUES (129, '启动会话推流', 0, 'com.ruoyi.web.controller.system.TlChatController.pushStreamStart()', 'POST', 1, 'admin', '研发部门', '/system/chat/pushStreamStart', '127.0.0.1', '内网IP', '{\"id\":[\"1\"]}', '{\"msg\":\"操作成功\",\"code\":0}', 0, NULL, '2023-10-19 15:35:22', 100);
INSERT INTO `sys_oper_log` VALUES (130, '启动会话推流', 0, 'com.ruoyi.web.controller.system.TlChatController.pushStreamStart()', 'POST', 1, 'admin', '研发部门', '/system/chat/pushStreamStart', '127.0.0.1', '内网IP', '{\"id\":[\"1\"]}', '{\"msg\":\"操作成功\",\"code\":0}', 0, NULL, '2023-10-19 15:36:35', 12);
INSERT INTO `sys_oper_log` VALUES (131, '启动会话推流', 0, 'com.ruoyi.web.controller.system.TlChatController.pushStreamStart()', 'POST', 1, 'admin', '研发部门', '/system/chat/pushStreamStart', '127.0.0.1', '内网IP', '{\"id\":[\"1\"]}', '{\"msg\":\"操作成功\",\"code\":0}', 0, NULL, '2023-10-19 15:41:07', 44);
INSERT INTO `sys_oper_log` VALUES (132, '代码生成', 2, 'com.ruoyi.generator.controller.GenController.synchDb()', 'GET', 1, 'admin', '研发部门', '/tool/gen/synchDb/tl_chat', '127.0.0.1', '内网IP', '\"tl_chat\"', '{\"msg\":\"操作成功\",\"code\":0}', 0, NULL, '2023-10-23 18:02:42', 80);
INSERT INTO `sys_oper_log` VALUES (133, '代码生成', 2, 'com.ruoyi.generator.controller.GenController.synchDb()', 'GET', 1, 'admin', '研发部门', '/tool/gen/synchDb/tl_chat', '127.0.0.1', '内网IP', '\"tl_chat\"', '{\"msg\":\"操作成功\",\"code\":0}', 0, NULL, '2023-10-23 18:02:49', 19);
INSERT INTO `sys_oper_log` VALUES (134, '代码生成', 6, 'com.ruoyi.generator.controller.GenController.importTableSave()', 'POST', 1, 'admin', '研发部门', '/tool/gen/importTable', '127.0.0.1', '内网IP', '{\"tables\":[\"tl_league,tl_game_stream,tl_team_player,tl_team,tl_game\"]}', '{\"msg\":\"操作成功\",\"code\":0}', 0, NULL, '2023-10-23 18:03:18', 80);
INSERT INTO `sys_oper_log` VALUES (135, '代码生成', 2, 'com.ruoyi.generator.controller.GenController.editSave()', 'POST', 1, 'admin', '研发部门', '/tool/gen/edit', '127.0.0.1', '内网IP', '{\"tableId\":[\"1\"],\"tableName\":[\"tl_chat\"],\"tableComment\":[\"群聊\"],\"className\":[\"TlChat\"],\"functionAuthor\":[\"ruoyi\"],\"remark\":[\"\"],\"columns[0].columnId\":[\"1\"],\"columns[0].sort\":[\"1\"],\"columns[0].columnComment\":[\"\"],\"columns[0].javaType\":[\"Long\"],\"columns[0].javaField\":[\"id\"],\"columns[0].isInsert\":[\"1\"],\"columns[0].queryType\":[\"EQ\"],\"columns[0].htmlType\":[\"input\"],\"columns[0].dictType\":[\"\"],\"columns[1].columnId\":[\"5\"],\"columns[1].sort\":[\"2\"],\"columns[1].columnComment\":[\"对话名称\"],\"columns[1].javaType\":[\"String\"],\"columns[1].javaField\":[\"chatName\"],\"columns[1].isInsert\":[\"1\"],\"columns[1].isEdit\":[\"1\"],\"columns[1].isList\":[\"1\"],\"columns[1].isQuery\":[\"1\"],\"columns[1].queryType\":[\"LIKE\"],\"columns[1].htmlType\":[\"input\"],\"columns[1].dictType\":[\"\"],\"columns[2].columnId\":[\"2\"],\"columns[2].sort\":[\"3\"],\"columns[2].columnComment\":[\"电报对话id\"],\"columns[2].javaType\":[\"String\"],\"columns[2].javaField\":[\"chatId\"],\"columns[2].isInsert\":[\"1\"],\"columns[2].isEdit\":[\"1\"],\"columns[2].isList\":[\"1\"],\"columns[2].isQuery\":[\"1\"],\"columns[2].queryType\":[\"EQ\"],\"columns[2].htmlType\":[\"input\"],\"columns[2].dictType\":[\"\"],\"columns[3].columnId\":[\"3\"],\"columns[3].sort\":[\"4\"],\"columns[3].columnComment\":[\"电报播流地址\"],\"columns[3].javaType\":[\"String\"],\"columns[3].javaField\":[\"streamUrl\"],\"columns[3].isInsert\":[\"1\"],\"columns[3].isEdit\":[\"1\"],\"columns[3].isList\":[\"1\"],\"columns[3].isQuery\":[\"1\"],\"columns[3].queryType\":[\"EQ\"],\"columns[3].htmlType\":[\"input\"],\"columns[3].dictType\":[\"\"],\"columns[4].columnId\":[\"4\"],\"columns[4].sort\":[\"5\"],\"columns[4].columnComment\":[\"推流源地址\"],\"columns[4].javaType\":[\"String\"],\"columns[4].javaField\":[\"streamSrc\"],\"columns[4].isInsert\":[\"1\"],\"columns[4].isEdit\":[\"1\"],\"columns[4].isList\":[\"1\"],\"columns[4].isQuery\":[\"1\"],\"columns[4].queryType\":[\"EQ\"],\"columns[4].htmlType\":[\"input\"],\"columns[4].dictType\":[\"\"],\"columns[5].columnId\":[\"6\"],\"columns[5].sort\":[\"6\"],\"columns[5].columnComment\":[\"联赛id\"],\"columns[5].javaType\":[\"Long\"],\"columns[5].javaField\":[\"leagueId\"],\"columns[5].isInsert\":[\"1\"],\"columns[', '{\"msg\":\"操作成功\",\"code\":0}', 0, NULL, '2023-10-23 18:04:17', 12);
INSERT INTO `sys_oper_log` VALUES (136, '代码生成', 2, 'com.ruoyi.generator.controller.GenController.editSave()', 'POST', 1, 'admin', '研发部门', '/tool/gen/edit', '127.0.0.1', '内网IP', '{\"tableId\":[\"6\"],\"tableName\":[\"tl_team_player\"],\"tableComment\":[\"球员\"],\"className\":[\"TlTeamPlayer\"],\"functionAuthor\":[\"ruoyi\"],\"remark\":[\"\"],\"columns[0].columnId\":[\"36\"],\"columns[0].sort\":[\"1\"],\"columns[0].columnComment\":[\"\"],\"columns[0].javaType\":[\"Long\"],\"columns[0].javaField\":[\"id\"],\"columns[0].isInsert\":[\"1\"],\"columns[0].queryType\":[\"EQ\"],\"columns[0].htmlType\":[\"input\"],\"columns[0].dictType\":[\"\"],\"columns[1].columnId\":[\"37\"],\"columns[1].sort\":[\"2\"],\"columns[1].columnComment\":[\"球队id\"],\"columns[1].javaType\":[\"Long\"],\"columns[1].javaField\":[\"teamId\"],\"columns[1].isInsert\":[\"1\"],\"columns[1].isEdit\":[\"1\"],\"columns[1].isList\":[\"1\"],\"columns[1].isQuery\":[\"1\"],\"columns[1].queryType\":[\"EQ\"],\"columns[1].htmlType\":[\"input\"],\"columns[1].dictType\":[\"\"],\"columns[2].columnId\":[\"38\"],\"columns[2].sort\":[\"3\"],\"columns[2].columnComment\":[\"中文名称\"],\"columns[2].javaType\":[\"String\"],\"columns[2].javaField\":[\"playerZhName\"],\"columns[2].isInsert\":[\"1\"],\"columns[2].isEdit\":[\"1\"],\"columns[2].isList\":[\"1\"],\"columns[2].isQuery\":[\"1\"],\"columns[2].queryType\":[\"LIKE\"],\"columns[2].htmlType\":[\"input\"],\"columns[2].dictType\":[\"\"],\"columns[3].columnId\":[\"39\"],\"columns[3].sort\":[\"4\"],\"columns[3].columnComment\":[\"图标\"],\"columns[3].javaType\":[\"String\"],\"columns[3].javaField\":[\"playerLogo\"],\"columns[3].isInsert\":[\"1\"],\"columns[3].isEdit\":[\"1\"],\"columns[3].isList\":[\"1\"],\"columns[3].isQuery\":[\"1\"],\"columns[3].queryType\":[\"EQ\"],\"columns[3].htmlType\":[\"input\"],\"columns[3].dictType\":[\"\"],\"columns[4].columnId\":[\"40\"],\"columns[4].sort\":[\"5\"],\"columns[4].columnComment\":[\"英文名称\"],\"columns[4].javaType\":[\"String\"],\"columns[4].javaField\":[\"playerEnName\"],\"columns[4].isInsert\":[\"1\"],\"columns[4].isEdit\":[\"1\"],\"columns[4].isList\":[\"1\"],\"columns[4].isQuery\":[\"1\"],\"columns[4].queryType\":[\"LIKE\"],\"columns[4].htmlType\":[\"input\"],\"columns[4].dictType\":[\"\"],\"columns[5].columnId\":[\"41\"],\"columns[5].sort\":[\"6\"],\"columns[5].columnComment\":[\"0:足球；1：篮球\"],\"columns[5].javaType\":[\"Long\"],\"columns[5].javaField\":[\"type\"],\"columns[5].isIn', '{\"msg\":\"操作成功\",\"code\":0}', 0, NULL, '2023-10-23 18:04:29', 11);
INSERT INTO `sys_oper_log` VALUES (137, '代码生成', 2, 'com.ruoyi.generator.controller.GenController.editSave()', 'POST', 1, 'admin', '研发部门', '/tool/gen/edit', '127.0.0.1', '内网IP', '{\"tableId\":[\"5\"],\"tableName\":[\"tl_team\"],\"tableComment\":[\"球队\"],\"className\":[\"TlTeam\"],\"functionAuthor\":[\"ruoyi\"],\"remark\":[\"\"],\"columns[0].columnId\":[\"31\"],\"columns[0].sort\":[\"1\"],\"columns[0].columnComment\":[\"\"],\"columns[0].javaType\":[\"Long\"],\"columns[0].javaField\":[\"id\"],\"columns[0].isInsert\":[\"1\"],\"columns[0].queryType\":[\"EQ\"],\"columns[0].htmlType\":[\"input\"],\"columns[0].dictType\":[\"\"],\"columns[1].columnId\":[\"32\"],\"columns[1].sort\":[\"2\"],\"columns[1].columnComment\":[\"中文名称\"],\"columns[1].javaType\":[\"String\"],\"columns[1].javaField\":[\"teamZhName\"],\"columns[1].isInsert\":[\"1\"],\"columns[1].isEdit\":[\"1\"],\"columns[1].isList\":[\"1\"],\"columns[1].isQuery\":[\"1\"],\"columns[1].queryType\":[\"LIKE\"],\"columns[1].htmlType\":[\"input\"],\"columns[1].dictType\":[\"\"],\"columns[2].columnId\":[\"33\"],\"columns[2].sort\":[\"3\"],\"columns[2].columnComment\":[\"图标\"],\"columns[2].javaType\":[\"String\"],\"columns[2].javaField\":[\"teamLogo\"],\"columns[2].isInsert\":[\"1\"],\"columns[2].isEdit\":[\"1\"],\"columns[2].isList\":[\"1\"],\"columns[2].isQuery\":[\"1\"],\"columns[2].queryType\":[\"EQ\"],\"columns[2].htmlType\":[\"input\"],\"columns[2].dictType\":[\"\"],\"columns[3].columnId\":[\"34\"],\"columns[3].sort\":[\"4\"],\"columns[3].columnComment\":[\"英文名称\"],\"columns[3].javaType\":[\"String\"],\"columns[3].javaField\":[\"teamEnName\"],\"columns[3].isInsert\":[\"1\"],\"columns[3].isEdit\":[\"1\"],\"columns[3].isList\":[\"1\"],\"columns[3].isQuery\":[\"1\"],\"columns[3].queryType\":[\"LIKE\"],\"columns[3].htmlType\":[\"input\"],\"columns[3].dictType\":[\"\"],\"columns[4].columnId\":[\"35\"],\"columns[4].sort\":[\"5\"],\"columns[4].columnComment\":[\"0:足球；1：篮球\"],\"columns[4].javaType\":[\"Long\"],\"columns[4].javaField\":[\"type\"],\"columns[4].isInsert\":[\"1\"],\"columns[4].isEdit\":[\"1\"],\"columns[4].isList\":[\"1\"],\"columns[4].isQuery\":[\"1\"],\"columns[4].queryType\":[\"EQ\"],\"columns[4].htmlType\":[\"select\"],\"columns[4].dictType\":[\"\"],\"tplCategory\":[\"crud\"],\"packageName\":[\"com.ruoyi.system\"],\"moduleName\":[\"system\"],\"businessName\":[\"team\"],\"functionName\":[\"球队\"],\"params[parentMenuId]\":[\"2006\"],\"params[parentMenuName]\":[\"赛', '{\"msg\":\"操作成功\",\"code\":0}', 0, NULL, '2023-10-23 18:04:38', 9);
INSERT INTO `sys_oper_log` VALUES (138, '代码生成', 2, 'com.ruoyi.generator.controller.GenController.editSave()', 'POST', 1, 'admin', '研发部门', '/tool/gen/edit', '127.0.0.1', '内网IP', '{\"tableId\":[\"3\"],\"tableName\":[\"tl_game_stream\"],\"tableComment\":[\"赛事线路\"],\"className\":[\"TlGameStream\"],\"functionAuthor\":[\"ruoyi\"],\"remark\":[\"\"],\"columns[0].columnId\":[\"22\"],\"columns[0].sort\":[\"1\"],\"columns[0].columnComment\":[\"\"],\"columns[0].javaType\":[\"Long\"],\"columns[0].javaField\":[\"id\"],\"columns[0].isInsert\":[\"1\"],\"columns[0].queryType\":[\"EQ\"],\"columns[0].htmlType\":[\"input\"],\"columns[0].dictType\":[\"\"],\"columns[1].columnId\":[\"23\"],\"columns[1].sort\":[\"2\"],\"columns[1].columnComment\":[\"\"],\"columns[1].javaType\":[\"Long\"],\"columns[1].javaField\":[\"gameId\"],\"columns[1].isInsert\":[\"1\"],\"columns[1].isEdit\":[\"1\"],\"columns[1].isList\":[\"1\"],\"columns[1].isQuery\":[\"1\"],\"columns[1].queryType\":[\"EQ\"],\"columns[1].htmlType\":[\"input\"],\"columns[1].dictType\":[\"\"],\"columns[2].columnId\":[\"24\"],\"columns[2].sort\":[\"3\"],\"columns[2].columnComment\":[\"线路url\"],\"columns[2].javaType\":[\"String\"],\"columns[2].javaField\":[\"url\"],\"columns[2].isInsert\":[\"1\"],\"columns[2].isEdit\":[\"1\"],\"columns[2].isList\":[\"1\"],\"columns[2].isQuery\":[\"1\"],\"columns[2].queryType\":[\"EQ\"],\"columns[2].htmlType\":[\"input\"],\"columns[2].dictType\":[\"\"],\"columns[3].columnId\":[\"25\"],\"columns[3].sort\":[\"4\"],\"columns[3].columnComment\":[\"线路名称\"],\"columns[3].javaType\":[\"String\"],\"columns[3].javaField\":[\"name\"],\"columns[3].isInsert\":[\"1\"],\"columns[3].isEdit\":[\"1\"],\"columns[3].isList\":[\"1\"],\"columns[3].isQuery\":[\"1\"],\"columns[3].queryType\":[\"LIKE\"],\"columns[3].htmlType\":[\"input\"],\"columns[3].dictType\":[\"\"],\"tplCategory\":[\"crud\"],\"packageName\":[\"com.ruoyi.system\"],\"moduleName\":[\"system\"],\"businessName\":[\"stream\"],\"functionName\":[\"赛事线路\"],\"params[parentMenuId]\":[\"2006\"],\"params[parentMenuName]\":[\"赛事纸飞机\"],\"genType\":[\"0\"],\"genPath\":[\"/\"],\"subTableName\":[\"\"],\"params[treeCode]\":[\"\"],\"params[treeParentCode]\":[\"\"],\"params[treeName]\":[\"\"]}', '{\"msg\":\"操作成功\",\"code\":0}', 0, NULL, '2023-10-23 18:04:45', 8);
INSERT INTO `sys_oper_log` VALUES (139, '代码生成', 2, 'com.ruoyi.generator.controller.GenController.editSave()', 'POST', 1, 'admin', '研发部门', '/tool/gen/edit', '127.0.0.1', '内网IP', '{\"tableId\":[\"2\"],\"tableName\":[\"tl_game\"],\"tableComment\":[\"赛事赛程\"],\"className\":[\"TlGame\"],\"functionAuthor\":[\"ruoyi\"],\"remark\":[\"\"],\"columns[0].columnId\":[\"8\"],\"columns[0].sort\":[\"1\"],\"columns[0].columnComment\":[\"\"],\"columns[0].javaType\":[\"Long\"],\"columns[0].javaField\":[\"id\"],\"columns[0].isInsert\":[\"1\"],\"columns[0].queryType\":[\"EQ\"],\"columns[0].htmlType\":[\"input\"],\"columns[0].dictType\":[\"\"],\"columns[1].columnId\":[\"9\"],\"columns[1].sort\":[\"2\"],\"columns[1].columnComment\":[\"\"],\"columns[1].javaType\":[\"Long\"],\"columns[1].javaField\":[\"leagueId\"],\"columns[1].isInsert\":[\"1\"],\"columns[1].isEdit\":[\"1\"],\"columns[1].isList\":[\"1\"],\"columns[1].isQuery\":[\"1\"],\"columns[1].queryType\":[\"EQ\"],\"columns[1].htmlType\":[\"input\"],\"columns[1].dictType\":[\"\"],\"columns[2].columnId\":[\"10\"],\"columns[2].sort\":[\"3\"],\"columns[2].columnComment\":[\"中文名称\"],\"columns[2].javaType\":[\"String\"],\"columns[2].javaField\":[\"leagueZhName\"],\"columns[2].isInsert\":[\"1\"],\"columns[2].isEdit\":[\"1\"],\"columns[2].isList\":[\"1\"],\"columns[2].isQuery\":[\"1\"],\"columns[2].queryType\":[\"LIKE\"],\"columns[2].htmlType\":[\"input\"],\"columns[2].dictType\":[\"\"],\"columns[3].columnId\":[\"11\"],\"columns[3].sort\":[\"4\"],\"columns[3].columnComment\":[\"图标\"],\"columns[3].javaType\":[\"String\"],\"columns[3].javaField\":[\"leagueLogo\"],\"columns[3].isInsert\":[\"1\"],\"columns[3].isEdit\":[\"1\"],\"columns[3].isList\":[\"1\"],\"columns[3].isQuery\":[\"1\"],\"columns[3].queryType\":[\"EQ\"],\"columns[3].htmlType\":[\"input\"],\"columns[3].dictType\":[\"\"],\"columns[4].columnId\":[\"12\"],\"columns[4].sort\":[\"5\"],\"columns[4].columnComment\":[\"英文名称\"],\"columns[4].javaType\":[\"String\"],\"columns[4].javaField\":[\"leagueEnName\"],\"columns[4].isInsert\":[\"1\"],\"columns[4].isEdit\":[\"1\"],\"columns[4].isList\":[\"1\"],\"columns[4].isQuery\":[\"1\"],\"columns[4].queryType\":[\"LIKE\"],\"columns[4].htmlType\":[\"input\"],\"columns[4].dictType\":[\"\"],\"columns[5].columnId\":[\"13\"],\"columns[5].sort\":[\"6\"],\"columns[5].columnComment\":[\"0:足球；1：篮球\"],\"columns[5].javaType\":[\"Long\"],\"columns[5].javaField\":[\"type\"],\"columns[5].isInsert\":[\"1\"],\"co', '{\"msg\":\"操作成功\",\"code\":0}', 0, NULL, '2023-10-23 18:04:52', 20);
INSERT INTO `sys_oper_log` VALUES (140, '代码生成', 2, 'com.ruoyi.generator.controller.GenController.editSave()', 'POST', 1, 'admin', '研发部门', '/tool/gen/edit', '127.0.0.1', '内网IP', '{\"tableId\":[\"5\"],\"tableName\":[\"tl_team\"],\"tableComment\":[\"球队\"],\"className\":[\"TlTeam\"],\"functionAuthor\":[\"ruoyi\"],\"remark\":[\"\"],\"columns[0].columnId\":[\"31\"],\"columns[0].sort\":[\"1\"],\"columns[0].columnComment\":[\"\"],\"columns[0].javaType\":[\"Long\"],\"columns[0].javaField\":[\"id\"],\"columns[0].isInsert\":[\"1\"],\"columns[0].queryType\":[\"EQ\"],\"columns[0].htmlType\":[\"input\"],\"columns[0].dictType\":[\"\"],\"columns[1].columnId\":[\"32\"],\"columns[1].sort\":[\"2\"],\"columns[1].columnComment\":[\"中文名称\"],\"columns[1].javaType\":[\"String\"],\"columns[1].javaField\":[\"teamZhName\"],\"columns[1].isInsert\":[\"1\"],\"columns[1].isEdit\":[\"1\"],\"columns[1].isList\":[\"1\"],\"columns[1].isQuery\":[\"1\"],\"columns[1].queryType\":[\"LIKE\"],\"columns[1].htmlType\":[\"input\"],\"columns[1].dictType\":[\"\"],\"columns[2].columnId\":[\"33\"],\"columns[2].sort\":[\"3\"],\"columns[2].columnComment\":[\"图标\"],\"columns[2].javaType\":[\"String\"],\"columns[2].javaField\":[\"teamLogo\"],\"columns[2].isInsert\":[\"1\"],\"columns[2].isEdit\":[\"1\"],\"columns[2].isList\":[\"1\"],\"columns[2].isQuery\":[\"1\"],\"columns[2].queryType\":[\"EQ\"],\"columns[2].htmlType\":[\"input\"],\"columns[2].dictType\":[\"\"],\"columns[3].columnId\":[\"34\"],\"columns[3].sort\":[\"4\"],\"columns[3].columnComment\":[\"英文名称\"],\"columns[3].javaType\":[\"String\"],\"columns[3].javaField\":[\"teamEnName\"],\"columns[3].isInsert\":[\"1\"],\"columns[3].isEdit\":[\"1\"],\"columns[3].isList\":[\"1\"],\"columns[3].isQuery\":[\"1\"],\"columns[3].queryType\":[\"LIKE\"],\"columns[3].htmlType\":[\"input\"],\"columns[3].dictType\":[\"\"],\"columns[4].columnId\":[\"35\"],\"columns[4].sort\":[\"5\"],\"columns[4].columnComment\":[\"0:足球；1：篮球\"],\"columns[4].javaType\":[\"Long\"],\"columns[4].javaField\":[\"type\"],\"columns[4].isInsert\":[\"1\"],\"columns[4].isEdit\":[\"1\"],\"columns[4].isList\":[\"1\"],\"columns[4].isQuery\":[\"1\"],\"columns[4].queryType\":[\"EQ\"],\"columns[4].htmlType\":[\"select\"],\"columns[4].dictType\":[\"\"],\"tplCategory\":[\"crud\"],\"packageName\":[\"com.ruoyi.system\"],\"moduleName\":[\"system\"],\"businessName\":[\"team\"],\"functionName\":[\"球队\"],\"params[parentMenuId]\":[\"2006\"],\"params[parentMenuName]\":[\"赛', '{\"msg\":\"操作成功\",\"code\":0}', 0, NULL, '2023-10-23 18:04:58', 7);
INSERT INTO `sys_oper_log` VALUES (141, '代码生成', 2, 'com.ruoyi.generator.controller.GenController.editSave()', 'POST', 1, 'admin', '研发部门', '/tool/gen/edit', '127.0.0.1', '内网IP', '{\"tableId\":[\"4\"],\"tableName\":[\"tl_league\"],\"tableComment\":[\"联赛\"],\"className\":[\"TlLeague\"],\"functionAuthor\":[\"ruoyi\"],\"remark\":[\"\"],\"columns[0].columnId\":[\"26\"],\"columns[0].sort\":[\"1\"],\"columns[0].columnComment\":[\"\"],\"columns[0].javaType\":[\"Long\"],\"columns[0].javaField\":[\"id\"],\"columns[0].isInsert\":[\"1\"],\"columns[0].queryType\":[\"EQ\"],\"columns[0].htmlType\":[\"input\"],\"columns[0].dictType\":[\"\"],\"columns[1].columnId\":[\"27\"],\"columns[1].sort\":[\"2\"],\"columns[1].columnComment\":[\"中文名称\"],\"columns[1].javaType\":[\"String\"],\"columns[1].javaField\":[\"leagueZhName\"],\"columns[1].isInsert\":[\"1\"],\"columns[1].isEdit\":[\"1\"],\"columns[1].isList\":[\"1\"],\"columns[1].isQuery\":[\"1\"],\"columns[1].queryType\":[\"LIKE\"],\"columns[1].htmlType\":[\"input\"],\"columns[1].dictType\":[\"\"],\"columns[2].columnId\":[\"28\"],\"columns[2].sort\":[\"3\"],\"columns[2].columnComment\":[\"图标\"],\"columns[2].javaType\":[\"String\"],\"columns[2].javaField\":[\"leagueLogo\"],\"columns[2].isInsert\":[\"1\"],\"columns[2].isEdit\":[\"1\"],\"columns[2].isList\":[\"1\"],\"columns[2].isQuery\":[\"1\"],\"columns[2].queryType\":[\"EQ\"],\"columns[2].htmlType\":[\"input\"],\"columns[2].dictType\":[\"\"],\"columns[3].columnId\":[\"29\"],\"columns[3].sort\":[\"4\"],\"columns[3].columnComment\":[\"英文名称\"],\"columns[3].javaType\":[\"String\"],\"columns[3].javaField\":[\"leagueEnName\"],\"columns[3].isInsert\":[\"1\"],\"columns[3].isEdit\":[\"1\"],\"columns[3].isList\":[\"1\"],\"columns[3].isQuery\":[\"1\"],\"columns[3].queryType\":[\"LIKE\"],\"columns[3].htmlType\":[\"input\"],\"columns[3].dictType\":[\"\"],\"columns[4].columnId\":[\"30\"],\"columns[4].sort\":[\"5\"],\"columns[4].columnComment\":[\"0:足球；1：篮球\"],\"columns[4].javaType\":[\"Long\"],\"columns[4].javaField\":[\"type\"],\"columns[4].isInsert\":[\"1\"],\"columns[4].isEdit\":[\"1\"],\"columns[4].isList\":[\"1\"],\"columns[4].isQuery\":[\"1\"],\"columns[4].queryType\":[\"EQ\"],\"columns[4].htmlType\":[\"select\"],\"columns[4].dictType\":[\"\"],\"tplCategory\":[\"crud\"],\"packageName\":[\"com.ruoyi.system\"],\"moduleName\":[\"system\"],\"businessName\":[\"league\"],\"functionName\":[\"联赛\"],\"params[parentMenuId]\":[\"2006\"],\"params[parentMe', '{\"msg\":\"操作成功\",\"code\":0}', 0, NULL, '2023-10-23 18:08:07', 18);
INSERT INTO `sys_oper_log` VALUES (142, '代码生成', 8, 'com.ruoyi.generator.controller.GenController.batchGenCode()', 'GET', 1, 'admin', '研发部门', '/tool/gen/batchGenCode', '127.0.0.1', '内网IP', '{\"tables\":[\"tl_game,tl_game_stream,tl_league,tl_team,tl_team_player,tl_chat\"]}', NULL, 0, NULL, '2023-10-23 18:08:15', 918);
INSERT INTO `sys_oper_log` VALUES (143, '菜单管理', 2, 'com.ruoyi.web.controller.system.SysMenuController.editSave()', 'POST', 1, 'admin', '研发部门', '/system/menu/edit', '127.0.0.1', '内网IP', '{\"menuId\":[\"2007\"],\"parentId\":[\"2006\"],\"menuType\":[\"C\"],\"menuName\":[\"赛事赛程\"],\"url\":[\"/system/game\"],\"target\":[\"menuItem\"],\"perms\":[\"system:game:view\"],\"orderNum\":[\"7\"],\"icon\":[\"#\"],\"visible\":[\"0\"],\"isRefresh\":[\"1\"]}', '{\"msg\":\"操作成功\",\"code\":0}', 0, NULL, '2023-10-23 18:15:28', 64);
INSERT INTO `sys_oper_log` VALUES (144, '菜单管理', 2, 'com.ruoyi.web.controller.system.SysMenuController.editSave()', 'POST', 1, 'admin', '研发部门', '/system/menu/edit', '127.0.0.1', '内网IP', '{\"menuId\":[\"2025\"],\"parentId\":[\"2006\"],\"menuType\":[\"C\"],\"menuName\":[\"赛事线路\"],\"url\":[\"/system/stream\"],\"target\":[\"menuItem\"],\"perms\":[\"system:stream:view\"],\"orderNum\":[\"6\"],\"icon\":[\"#\"],\"visible\":[\"0\"],\"isRefresh\":[\"1\"]}', '{\"msg\":\"操作成功\",\"code\":0}', 0, NULL, '2023-10-23 18:15:40', 13);
INSERT INTO `sys_oper_log` VALUES (145, '菜单管理', 2, 'com.ruoyi.web.controller.system.SysMenuController.editSave()', 'POST', 1, 'admin', '研发部门', '/system/menu/edit', '127.0.0.1', '内网IP', '{\"menuId\":[\"2019\"],\"parentId\":[\"2006\"],\"menuType\":[\"C\"],\"menuName\":[\"球员\"],\"url\":[\"/system/player\"],\"target\":[\"menuItem\"],\"perms\":[\"system:player:view\"],\"orderNum\":[\"5\"],\"icon\":[\"#\"],\"visible\":[\"0\"],\"isRefresh\":[\"1\"]}', '{\"msg\":\"操作成功\",\"code\":0}', 0, NULL, '2023-10-23 18:15:52', 12);

-- ----------------------------
-- Table structure for sys_post
-- ----------------------------
DROP TABLE IF EXISTS `sys_post`;
CREATE TABLE `sys_post`  (
  `post_id` bigint NOT NULL AUTO_INCREMENT COMMENT '岗位ID',
  `post_code` varchar(64) CHARACTER SET utf8mb4 COLLATE utf8mb4_0900_ai_ci NOT NULL COMMENT '岗位编码',
  `post_name` varchar(50) CHARACTER SET utf8mb4 COLLATE utf8mb4_0900_ai_ci NOT NULL COMMENT '岗位名称',
  `post_sort` int NOT NULL COMMENT '显示顺序',
  `status` char(1) CHARACTER SET utf8mb4 COLLATE utf8mb4_0900_ai_ci NOT NULL COMMENT '状态（0正常 1停用）',
  `create_by` varchar(64) CHARACTER SET utf8mb4 COLLATE utf8mb4_0900_ai_ci NULL DEFAULT '' COMMENT '创建者',
  `create_time` datetime NULL DEFAULT NULL COMMENT '创建时间',
  `update_by` varchar(64) CHARACTER SET utf8mb4 COLLATE utf8mb4_0900_ai_ci NULL DEFAULT '' COMMENT '更新者',
  `update_time` datetime NULL DEFAULT NULL COMMENT '更新时间',
  `remark` varchar(500) CHARACTER SET utf8mb4 COLLATE utf8mb4_0900_ai_ci NULL DEFAULT NULL COMMENT '备注',
  PRIMARY KEY (`post_id`) USING BTREE
) ENGINE = InnoDB AUTO_INCREMENT = 5 CHARACTER SET = utf8mb4 COLLATE = utf8mb4_0900_ai_ci COMMENT = '岗位信息表' ROW_FORMAT = Dynamic;

-- ----------------------------
-- Records of sys_post
-- ----------------------------
INSERT INTO `sys_post` VALUES (1, 'ceo', '董事长', 1, '0', 'admin', '2023-10-19 08:24:09', '', NULL, '');
INSERT INTO `sys_post` VALUES (2, 'se', '项目经理', 2, '0', 'admin', '2023-10-19 08:24:09', '', NULL, '');
INSERT INTO `sys_post` VALUES (3, 'hr', '人力资源', 3, '0', 'admin', '2023-10-19 08:24:09', '', NULL, '');
INSERT INTO `sys_post` VALUES (4, 'user', '普通员工', 4, '0', 'admin', '2023-10-19 08:24:09', '', NULL, '');

-- ----------------------------
-- Table structure for sys_role
-- ----------------------------
DROP TABLE IF EXISTS `sys_role`;
CREATE TABLE `sys_role`  (
  `role_id` bigint NOT NULL AUTO_INCREMENT COMMENT '角色ID',
  `role_name` varchar(30) CHARACTER SET utf8mb4 COLLATE utf8mb4_0900_ai_ci NOT NULL COMMENT '角色名称',
  `role_key` varchar(100) CHARACTER SET utf8mb4 COLLATE utf8mb4_0900_ai_ci NOT NULL COMMENT '角色权限字符串',
  `role_sort` int NOT NULL COMMENT '显示顺序',
  `data_scope` char(1) CHARACTER SET utf8mb4 COLLATE utf8mb4_0900_ai_ci NULL DEFAULT '1' COMMENT '数据范围（1：全部数据权限 2：自定数据权限 3：本部门数据权限 4：本部门及以下数据权限）',
  `status` char(1) CHARACTER SET utf8mb4 COLLATE utf8mb4_0900_ai_ci NOT NULL COMMENT '角色状态（0正常 1停用）',
  `del_flag` char(1) CHARACTER SET utf8mb4 COLLATE utf8mb4_0900_ai_ci NULL DEFAULT '0' COMMENT '删除标志（0代表存在 2代表删除）',
  `create_by` varchar(64) CHARACTER SET utf8mb4 COLLATE utf8mb4_0900_ai_ci NULL DEFAULT '' COMMENT '创建者',
  `create_time` datetime NULL DEFAULT NULL COMMENT '创建时间',
  `update_by` varchar(64) CHARACTER SET utf8mb4 COLLATE utf8mb4_0900_ai_ci NULL DEFAULT '' COMMENT '更新者',
  `update_time` datetime NULL DEFAULT NULL COMMENT '更新时间',
  `remark` varchar(500) CHARACTER SET utf8mb4 COLLATE utf8mb4_0900_ai_ci NULL DEFAULT NULL COMMENT '备注',
  PRIMARY KEY (`role_id`) USING BTREE
) ENGINE = InnoDB AUTO_INCREMENT = 101 CHARACTER SET = utf8mb4 COLLATE = utf8mb4_0900_ai_ci COMMENT = '角色信息表' ROW_FORMAT = Dynamic;

-- ----------------------------
-- Records of sys_role
-- ----------------------------
INSERT INTO `sys_role` VALUES (1, '超级管理员', 'admin', 1, '1', '0', '0', 'admin', '2023-10-19 08:24:09', '', NULL, '超级管理员');
INSERT INTO `sys_role` VALUES (2, '普通角色', 'common', 2, '2', '0', '0', 'admin', '2023-10-19 08:24:09', '', NULL, '普通角色');
INSERT INTO `sys_role` VALUES (100, 'telegram', 'telegram', 3, '1', '0', '0', 'admin', '2023-10-19 08:43:45', '', NULL, NULL);

-- ----------------------------
-- Table structure for sys_role_dept
-- ----------------------------
DROP TABLE IF EXISTS `sys_role_dept`;
CREATE TABLE `sys_role_dept`  (
  `role_id` bigint NOT NULL COMMENT '角色ID',
  `dept_id` bigint NOT NULL COMMENT '部门ID',
  PRIMARY KEY (`role_id`, `dept_id`) USING BTREE
) ENGINE = InnoDB CHARACTER SET = utf8mb4 COLLATE = utf8mb4_0900_ai_ci COMMENT = '角色和部门关联表' ROW_FORMAT = Dynamic;

-- ----------------------------
-- Records of sys_role_dept
-- ----------------------------
INSERT INTO `sys_role_dept` VALUES (2, 100);
INSERT INTO `sys_role_dept` VALUES (2, 101);
INSERT INTO `sys_role_dept` VALUES (2, 105);

-- ----------------------------
-- Table structure for sys_role_menu
-- ----------------------------
DROP TABLE IF EXISTS `sys_role_menu`;
CREATE TABLE `sys_role_menu`  (
  `role_id` bigint NOT NULL COMMENT '角色ID',
  `menu_id` bigint NOT NULL COMMENT '菜单ID',
  PRIMARY KEY (`role_id`, `menu_id`) USING BTREE
) ENGINE = InnoDB CHARACTER SET = utf8mb4 COLLATE = utf8mb4_0900_ai_ci COMMENT = '角色和菜单关联表' ROW_FORMAT = Dynamic;

-- ----------------------------
-- Records of sys_role_menu
-- ----------------------------
INSERT INTO `sys_role_menu` VALUES (2, 1);
INSERT INTO `sys_role_menu` VALUES (2, 2);
INSERT INTO `sys_role_menu` VALUES (2, 3);
INSERT INTO `sys_role_menu` VALUES (2, 4);
INSERT INTO `sys_role_menu` VALUES (2, 100);
INSERT INTO `sys_role_menu` VALUES (2, 101);
INSERT INTO `sys_role_menu` VALUES (2, 102);
INSERT INTO `sys_role_menu` VALUES (2, 103);
INSERT INTO `sys_role_menu` VALUES (2, 104);
INSERT INTO `sys_role_menu` VALUES (2, 105);
INSERT INTO `sys_role_menu` VALUES (2, 106);
INSERT INTO `sys_role_menu` VALUES (2, 107);
INSERT INTO `sys_role_menu` VALUES (2, 108);
INSERT INTO `sys_role_menu` VALUES (2, 109);
INSERT INTO `sys_role_menu` VALUES (2, 110);
INSERT INTO `sys_role_menu` VALUES (2, 111);
INSERT INTO `sys_role_menu` VALUES (2, 112);
INSERT INTO `sys_role_menu` VALUES (2, 113);
INSERT INTO `sys_role_menu` VALUES (2, 114);
INSERT INTO `sys_role_menu` VALUES (2, 115);
INSERT INTO `sys_role_menu` VALUES (2, 116);
INSERT INTO `sys_role_menu` VALUES (2, 500);
INSERT INTO `sys_role_menu` VALUES (2, 501);
INSERT INTO `sys_role_menu` VALUES (2, 1000);
INSERT INTO `sys_role_menu` VALUES (2, 1001);
INSERT INTO `sys_role_menu` VALUES (2, 1002);
INSERT INTO `sys_role_menu` VALUES (2, 1003);
INSERT INTO `sys_role_menu` VALUES (2, 1004);
INSERT INTO `sys_role_menu` VALUES (2, 1005);
INSERT INTO `sys_role_menu` VALUES (2, 1006);
INSERT INTO `sys_role_menu` VALUES (2, 1007);
INSERT INTO `sys_role_menu` VALUES (2, 1008);
INSERT INTO `sys_role_menu` VALUES (2, 1009);
INSERT INTO `sys_role_menu` VALUES (2, 1010);
INSERT INTO `sys_role_menu` VALUES (2, 1011);
INSERT INTO `sys_role_menu` VALUES (2, 1012);
INSERT INTO `sys_role_menu` VALUES (2, 1013);
INSERT INTO `sys_role_menu` VALUES (2, 1014);
INSERT INTO `sys_role_menu` VALUES (2, 1015);
INSERT INTO `sys_role_menu` VALUES (2, 1016);
INSERT INTO `sys_role_menu` VALUES (2, 1017);
INSERT INTO `sys_role_menu` VALUES (2, 1018);
INSERT INTO `sys_role_menu` VALUES (2, 1019);
INSERT INTO `sys_role_menu` VALUES (2, 1020);
INSERT INTO `sys_role_menu` VALUES (2, 1021);
INSERT INTO `sys_role_menu` VALUES (2, 1022);
INSERT INTO `sys_role_menu` VALUES (2, 1023);
INSERT INTO `sys_role_menu` VALUES (2, 1024);
INSERT INTO `sys_role_menu` VALUES (2, 1025);
INSERT INTO `sys_role_menu` VALUES (2, 1026);
INSERT INTO `sys_role_menu` VALUES (2, 1027);
INSERT INTO `sys_role_menu` VALUES (2, 1028);
INSERT INTO `sys_role_menu` VALUES (2, 1029);
INSERT INTO `sys_role_menu` VALUES (2, 1030);
INSERT INTO `sys_role_menu` VALUES (2, 1031);
INSERT INTO `sys_role_menu` VALUES (2, 1032);
INSERT INTO `sys_role_menu` VALUES (2, 1033);
INSERT INTO `sys_role_menu` VALUES (2, 1034);
INSERT INTO `sys_role_menu` VALUES (2, 1035);
INSERT INTO `sys_role_menu` VALUES (2, 1036);
INSERT INTO `sys_role_menu` VALUES (2, 1037);
INSERT INTO `sys_role_menu` VALUES (2, 1038);
INSERT INTO `sys_role_menu` VALUES (2, 1039);
INSERT INTO `sys_role_menu` VALUES (2, 1040);
INSERT INTO `sys_role_menu` VALUES (2, 1041);
INSERT INTO `sys_role_menu` VALUES (2, 1042);
INSERT INTO `sys_role_menu` VALUES (2, 1043);
INSERT INTO `sys_role_menu` VALUES (2, 1044);
INSERT INTO `sys_role_menu` VALUES (2, 1045);
INSERT INTO `sys_role_menu` VALUES (2, 1046);
INSERT INTO `sys_role_menu` VALUES (2, 1047);
INSERT INTO `sys_role_menu` VALUES (2, 1048);
INSERT INTO `sys_role_menu` VALUES (2, 1049);
INSERT INTO `sys_role_menu` VALUES (2, 1050);
INSERT INTO `sys_role_menu` VALUES (2, 1051);
INSERT INTO `sys_role_menu` VALUES (2, 1052);
INSERT INTO `sys_role_menu` VALUES (2, 1053);
INSERT INTO `sys_role_menu` VALUES (2, 1054);
INSERT INTO `sys_role_menu` VALUES (2, 1055);
INSERT INTO `sys_role_menu` VALUES (2, 1056);
INSERT INTO `sys_role_menu` VALUES (2, 1057);
INSERT INTO `sys_role_menu` VALUES (2, 1058);
INSERT INTO `sys_role_menu` VALUES (2, 1059);
INSERT INTO `sys_role_menu` VALUES (2, 1060);
INSERT INTO `sys_role_menu` VALUES (2, 1061);
INSERT INTO `sys_role_menu` VALUES (100, 2000);
INSERT INTO `sys_role_menu` VALUES (100, 2001);
INSERT INTO `sys_role_menu` VALUES (100, 2002);
INSERT INTO `sys_role_menu` VALUES (100, 2003);
INSERT INTO `sys_role_menu` VALUES (100, 2004);
INSERT INTO `sys_role_menu` VALUES (100, 2005);
INSERT INTO `sys_role_menu` VALUES (100, 2006);

-- ----------------------------
-- Table structure for sys_user
-- ----------------------------
DROP TABLE IF EXISTS `sys_user`;
CREATE TABLE `sys_user`  (
  `user_id` bigint NOT NULL AUTO_INCREMENT COMMENT '用户ID',
  `dept_id` bigint NULL DEFAULT NULL COMMENT '部门ID',
  `login_name` varchar(30) CHARACTER SET utf8mb4 COLLATE utf8mb4_0900_ai_ci NOT NULL COMMENT '登录账号',
  `user_name` varchar(30) CHARACTER SET utf8mb4 COLLATE utf8mb4_0900_ai_ci NULL DEFAULT '' COMMENT '用户昵称',
  `user_type` varchar(2) CHARACTER SET utf8mb4 COLLATE utf8mb4_0900_ai_ci NULL DEFAULT '00' COMMENT '用户类型（00系统用户 01注册用户）',
  `email` varchar(50) CHARACTER SET utf8mb4 COLLATE utf8mb4_0900_ai_ci NULL DEFAULT '' COMMENT '用户邮箱',
  `phonenumber` varchar(11) CHARACTER SET utf8mb4 COLLATE utf8mb4_0900_ai_ci NULL DEFAULT '' COMMENT '手机号码',
  `sex` char(1) CHARACTER SET utf8mb4 COLLATE utf8mb4_0900_ai_ci NULL DEFAULT '0' COMMENT '用户性别（0男 1女 2未知）',
  `avatar` varchar(100) CHARACTER SET utf8mb4 COLLATE utf8mb4_0900_ai_ci NULL DEFAULT '' COMMENT '头像路径',
  `password` varchar(50) CHARACTER SET utf8mb4 COLLATE utf8mb4_0900_ai_ci NULL DEFAULT '' COMMENT '密码',
  `salt` varchar(20) CHARACTER SET utf8mb4 COLLATE utf8mb4_0900_ai_ci NULL DEFAULT '' COMMENT '盐加密',
  `status` char(1) CHARACTER SET utf8mb4 COLLATE utf8mb4_0900_ai_ci NULL DEFAULT '0' COMMENT '帐号状态（0正常 1停用）',
  `del_flag` char(1) CHARACTER SET utf8mb4 COLLATE utf8mb4_0900_ai_ci NULL DEFAULT '0' COMMENT '删除标志（0代表存在 2代表删除）',
  `login_ip` varchar(128) CHARACTER SET utf8mb4 COLLATE utf8mb4_0900_ai_ci NULL DEFAULT '' COMMENT '最后登录IP',
  `login_date` datetime NULL DEFAULT NULL COMMENT '最后登录时间',
  `pwd_update_date` datetime NULL DEFAULT NULL COMMENT '密码最后更新时间',
  `create_by` varchar(64) CHARACTER SET utf8mb4 COLLATE utf8mb4_0900_ai_ci NULL DEFAULT '' COMMENT '创建者',
  `create_time` datetime NULL DEFAULT NULL COMMENT '创建时间',
  `update_by` varchar(64) CHARACTER SET utf8mb4 COLLATE utf8mb4_0900_ai_ci NULL DEFAULT '' COMMENT '更新者',
  `update_time` datetime NULL DEFAULT NULL COMMENT '更新时间',
  `remark` varchar(500) CHARACTER SET utf8mb4 COLLATE utf8mb4_0900_ai_ci NULL DEFAULT NULL COMMENT '备注',
  PRIMARY KEY (`user_id`) USING BTREE
) ENGINE = InnoDB AUTO_INCREMENT = 101 CHARACTER SET = utf8mb4 COLLATE = utf8mb4_0900_ai_ci COMMENT = '用户信息表' ROW_FORMAT = Dynamic;

-- ----------------------------
-- Records of sys_user
-- ----------------------------
INSERT INTO `sys_user` VALUES (1, 103, 'admin', '若依', '00', 'ry@163.com', '15888888888', '1', '', '29c67a30398638269fe600f73a054934', '111111', '0', '0', '127.0.0.1', '2023-10-23 18:15:00', '2023-10-19 08:24:09', 'admin', '2023-10-19 08:24:09', '', '2023-10-23 18:15:00', '管理员');
INSERT INTO `sys_user` VALUES (2, 105, 'ry', '若依', '00', 'ry@qq.com', '15666666666', '1', '', '8e6d98b90472783cc73c17047ddccf36', '222222', '0', '0', '127.0.0.1', '2023-10-19 08:24:09', '2023-10-19 08:24:09', 'admin', '2023-10-19 08:24:09', '', NULL, '测试员');
INSERT INTO `sys_user` VALUES (100, NULL, 'chenwj', '陈文杰', '00', '', '15027203888', '0', '', 'c9ad329af051c291620484e81d987c1c', 'b8ad6a', '0', '0', '127.0.0.1', '2023-10-19 10:55:25', NULL, 'admin', '2023-10-19 08:44:43', '', '2023-10-19 10:55:24', NULL);

-- ----------------------------
-- Table structure for sys_user_online
-- ----------------------------
DROP TABLE IF EXISTS `sys_user_online`;
CREATE TABLE `sys_user_online`  (
  `sessionId` varchar(50) CHARACTER SET utf8mb4 COLLATE utf8mb4_0900_ai_ci NOT NULL DEFAULT '' COMMENT '用户会话id',
  `login_name` varchar(50) CHARACTER SET utf8mb4 COLLATE utf8mb4_0900_ai_ci NULL DEFAULT '' COMMENT '登录账号',
  `dept_name` varchar(50) CHARACTER SET utf8mb4 COLLATE utf8mb4_0900_ai_ci NULL DEFAULT '' COMMENT '部门名称',
  `ipaddr` varchar(128) CHARACTER SET utf8mb4 COLLATE utf8mb4_0900_ai_ci NULL DEFAULT '' COMMENT '登录IP地址',
  `login_location` varchar(255) CHARACTER SET utf8mb4 COLLATE utf8mb4_0900_ai_ci NULL DEFAULT '' COMMENT '登录地点',
  `browser` varchar(50) CHARACTER SET utf8mb4 COLLATE utf8mb4_0900_ai_ci NULL DEFAULT '' COMMENT '浏览器类型',
  `os` varchar(50) CHARACTER SET utf8mb4 COLLATE utf8mb4_0900_ai_ci NULL DEFAULT '' COMMENT '操作系统',
  `status` varchar(10) CHARACTER SET utf8mb4 COLLATE utf8mb4_0900_ai_ci NULL DEFAULT '' COMMENT '在线状态on_line在线off_line离线',
  `start_timestamp` datetime NULL DEFAULT NULL COMMENT 'session创建时间',
  `last_access_time` datetime NULL DEFAULT NULL COMMENT 'session最后访问时间',
  `expire_time` int NULL DEFAULT 0 COMMENT '超时时间，单位为分钟',
  PRIMARY KEY (`sessionId`) USING BTREE
) ENGINE = InnoDB CHARACTER SET = utf8mb4 COLLATE = utf8mb4_0900_ai_ci COMMENT = '在线用户记录' ROW_FORMAT = Dynamic;

-- ----------------------------
-- Records of sys_user_online
-- ----------------------------
INSERT INTO `sys_user_online` VALUES ('f64d1b0e-82bb-4311-9926-a38ea396624c', 'admin', '研发部门', '127.0.0.1', '内网IP', 'Chrome 11', 'Windows 10', 'on_line', '2023-10-23 18:02:28', '2023-10-23 18:16:02', 1800000);

-- ----------------------------
-- Table structure for sys_user_post
-- ----------------------------
DROP TABLE IF EXISTS `sys_user_post`;
CREATE TABLE `sys_user_post`  (
  `user_id` bigint NOT NULL COMMENT '用户ID',
  `post_id` bigint NOT NULL COMMENT '岗位ID',
  PRIMARY KEY (`user_id`, `post_id`) USING BTREE
) ENGINE = InnoDB CHARACTER SET = utf8mb4 COLLATE = utf8mb4_0900_ai_ci COMMENT = '用户与岗位关联表' ROW_FORMAT = Dynamic;

-- ----------------------------
-- Records of sys_user_post
-- ----------------------------
INSERT INTO `sys_user_post` VALUES (1, 1);
INSERT INTO `sys_user_post` VALUES (2, 2);

-- ----------------------------
-- Table structure for sys_user_role
-- ----------------------------
DROP TABLE IF EXISTS `sys_user_role`;
CREATE TABLE `sys_user_role`  (
  `user_id` bigint NOT NULL COMMENT '用户ID',
  `role_id` bigint NOT NULL COMMENT '角色ID',
  PRIMARY KEY (`user_id`, `role_id`) USING BTREE
) ENGINE = InnoDB CHARACTER SET = utf8mb4 COLLATE = utf8mb4_0900_ai_ci COMMENT = '用户和角色关联表' ROW_FORMAT = Dynamic;

-- ----------------------------
-- Records of sys_user_role
-- ----------------------------
INSERT INTO `sys_user_role` VALUES (1, 1);
INSERT INTO `sys_user_role` VALUES (2, 2);
INSERT INTO `sys_user_role` VALUES (100, 100);

-- ----------------------------
-- Table structure for tl_chat
-- ----------------------------
DROP TABLE IF EXISTS `tl_chat`;
CREATE TABLE `tl_chat`  (
  `id` int NOT NULL AUTO_INCREMENT,
  `chat_name` varchar(255) CHARACTER SET utf8mb4 COLLATE utf8mb4_general_ci NULL DEFAULT NULL COMMENT '对话名称',
  `chat_id` varchar(255) CHARACTER SET utf8mb4 COLLATE utf8mb4_general_ci NULL DEFAULT NULL COMMENT '电报对话id',
  `stream_url` varchar(255) CHARACTER SET utf8mb4 COLLATE utf8mb4_general_ci NULL DEFAULT NULL COMMENT '电报播流地址',
  `stream_src` varchar(255) CHARACTER SET utf8mb4 COLLATE utf8mb4_general_ci NULL DEFAULT NULL COMMENT '推流源地址',
  `league_id` int NULL DEFAULT NULL COMMENT '联赛id',
  `league_name` varchar(255) CHARACTER SET utf8mb4 COLLATE utf8mb4_general_ci NULL DEFAULT NULL COMMENT '联赛名称',
  PRIMARY KEY (`id`) USING BTREE
) ENGINE = InnoDB AUTO_INCREMENT = 1 CHARACTER SET = utf8mb4 COLLATE = utf8mb4_general_ci COMMENT = '电报-会话表' ROW_FORMAT = DYNAMIC;

-- ----------------------------
-- Records of tl_chat
-- ----------------------------

-- ----------------------------
-- Table structure for tl_game
-- ----------------------------
DROP TABLE IF EXISTS `tl_game`;
CREATE TABLE `tl_game`  (
  `id` int NOT NULL AUTO_INCREMENT,
  `league_id` int NULL DEFAULT NULL,
  `league_zh_name` varchar(255) CHARACTER SET utf8mb4 COLLATE utf8mb4_general_ci NULL DEFAULT NULL COMMENT '中文名称',
  `league_logo` varchar(255) CHARACTER SET utf8mb4 COLLATE utf8mb4_general_ci NULL DEFAULT NULL COMMENT '图标',
  `league_en_name` varchar(255) CHARACTER SET utf8mb4 COLLATE utf8mb4_general_ci NULL DEFAULT NULL COMMENT '英文名称',
  `type` tinyint NULL DEFAULT 0 COMMENT '0:足球；1：篮球',
  `team_home_name` varchar(255) CHARACTER SET utf8mb4 COLLATE utf8mb4_general_ci NULL DEFAULT NULL COMMENT '主队名称',
  `team_guest_name` varchar(255) CHARACTER SET utf8mb4 COLLATE utf8mb4_general_ci NULL DEFAULT NULL COMMENT '客队名称',
  `team_home_logo` varchar(255) CHARACTER SET utf8mb4 COLLATE utf8mb4_general_ci NULL DEFAULT NULL COMMENT '主队logo',
  `team_guest_logo` varchar(255) CHARACTER SET utf8mb4 COLLATE utf8mb4_general_ci NULL DEFAULT NULL COMMENT '客队logo',
  `begin_time` datetime NULL DEFAULT NULL COMMENT '开始时间',
  `begin_date` datetime NULL DEFAULT NULL COMMENT '开始日期',
  `team_home_score` varchar(255) CHARACTER SET utf8mb4 COLLATE utf8mb4_general_ci NULL DEFAULT NULL COMMENT '主队得分',
  `team_guest_score` varchar(255) CHARACTER SET utf8mb4 COLLATE utf8mb4_general_ci NULL DEFAULT NULL COMMENT '客队得分',
  PRIMARY KEY (`id`) USING BTREE
) ENGINE = InnoDB AUTO_INCREMENT = 1 CHARACTER SET = utf8mb4 COLLATE = utf8mb4_general_ci COMMENT = '赛事赛程' ROW_FORMAT = DYNAMIC;

-- ----------------------------
-- Records of tl_game
-- ----------------------------

-- ----------------------------
-- Table structure for tl_game_stream
-- ----------------------------
DROP TABLE IF EXISTS `tl_game_stream`;
CREATE TABLE `tl_game_stream`  (
  `id` int NOT NULL AUTO_INCREMENT,
  `game_id` int NULL DEFAULT NULL,
  `url` varchar(255) CHARACTER SET utf8mb4 COLLATE utf8mb4_general_ci NULL DEFAULT NULL COMMENT '线路url',
  `name` varchar(255) CHARACTER SET utf8mb4 COLLATE utf8mb4_general_ci NULL DEFAULT NULL COMMENT '线路名称',
  PRIMARY KEY (`id`) USING BTREE
) ENGINE = InnoDB AUTO_INCREMENT = 1 CHARACTER SET = utf8mb4 COLLATE = utf8mb4_general_ci COMMENT = '赛事线路' ROW_FORMAT = DYNAMIC;

-- ----------------------------
-- Records of tl_game_stream
-- ----------------------------

-- ----------------------------
-- Table structure for tl_league
-- ----------------------------
DROP TABLE IF EXISTS `tl_league`;
CREATE TABLE `tl_league`  (
  `id` int NOT NULL AUTO_INCREMENT,
  `league_zh_name` varchar(255) CHARACTER SET utf8mb4 COLLATE utf8mb4_general_ci NULL DEFAULT NULL COMMENT '中文名称',
  `league_logo` varchar(255) CHARACTER SET utf8mb4 COLLATE utf8mb4_general_ci NULL DEFAULT NULL COMMENT '图标',
  `league_en_name` varchar(255) CHARACTER SET utf8mb4 COLLATE utf8mb4_general_ci NULL DEFAULT NULL COMMENT '英文名称',
  `type` tinyint NULL DEFAULT 0 COMMENT '0:足球；1：篮球',
  PRIMARY KEY (`id`) USING BTREE
) ENGINE = InnoDB AUTO_INCREMENT = 1 CHARACTER SET = utf8mb4 COLLATE = utf8mb4_general_ci COMMENT = '联赛' ROW_FORMAT = DYNAMIC;

-- ----------------------------
-- Records of tl_league
-- ----------------------------

-- ----------------------------
-- Table structure for tl_team
-- ----------------------------
DROP TABLE IF EXISTS `tl_team`;
CREATE TABLE `tl_team`  (
  `id` int NOT NULL AUTO_INCREMENT,
  `team_zh_name` varchar(255) CHARACTER SET utf8mb4 COLLATE utf8mb4_general_ci NULL DEFAULT NULL COMMENT '中文名称',
  `team_logo` varchar(255) CHARACTER SET utf8mb4 COLLATE utf8mb4_general_ci NULL DEFAULT NULL COMMENT '图标',
  `team_en_name` varchar(255) CHARACTER SET utf8mb4 COLLATE utf8mb4_general_ci NULL DEFAULT NULL COMMENT '英文名称',
  `type` tinyint NULL DEFAULT 0 COMMENT '0:足球；1：篮球',
  PRIMARY KEY (`id`) USING BTREE
) ENGINE = InnoDB AUTO_INCREMENT = 1 CHARACTER SET = utf8mb4 COLLATE = utf8mb4_general_ci COMMENT = '球队' ROW_FORMAT = DYNAMIC;

-- ----------------------------
-- Records of tl_team
-- ----------------------------

-- ----------------------------
-- Table structure for tl_team_player
-- ----------------------------
DROP TABLE IF EXISTS `tl_team_player`;
CREATE TABLE `tl_team_player`  (
  `id` int NOT NULL AUTO_INCREMENT,
  `team_id` int NULL DEFAULT NULL COMMENT '球队id',
  `player_zh_name` varchar(255) CHARACTER SET utf8mb4 COLLATE utf8mb4_general_ci NULL DEFAULT NULL COMMENT '中文名称',
  `player_logo` varchar(255) CHARACTER SET utf8mb4 COLLATE utf8mb4_general_ci NULL DEFAULT NULL COMMENT '图标',
  `player_en_name` varchar(255) CHARACTER SET utf8mb4 COLLATE utf8mb4_general_ci NULL DEFAULT NULL COMMENT '英文名称',
  `type` tinyint NULL DEFAULT 0 COMMENT '0:足球；1：篮球',
  PRIMARY KEY (`id`) USING BTREE
) ENGINE = InnoDB AUTO_INCREMENT = 1 CHARACTER SET = utf8mb4 COLLATE = utf8mb4_general_ci COMMENT = '球员' ROW_FORMAT = DYNAMIC;

-- ----------------------------
-- Records of tl_team_player
-- ----------------------------

SET FOREIGN_KEY_CHECKS = 1;
